date, pm25, pm10, o3, no2
2025/11/1, 52, 9, 15, 13
2025/11/2, 26, 6, 18, 14
2025/11/3, 12, 11, 4, 20
2025/11/4, 25, 17, 1, 20
2025/11/5, 39, 22, 1, 17
2025/11/6, 53, 23, , 13
2025/11/7, 61, 17, 2, 15
2025/11/8, 57, 19, 3, 14
2025/11/9, 63, 15, 7, 16
2025/11/10, 47, 15, 7, 18
2025/11/11, 38, 21, , 17
2025/11/12, 49, 23, , 22
2025/11/13, 54, 28, , 22
2025/11/14, 55, 38, 5, 19
2025/11/15, 66, 26, 3, 16
2025/11/16, 53, 9, 19, 9
2025/11/17, 28, 5, 10, 13
2025/11/18, 15, , , 
2025/10/1, 52, 16, 7, 17
2025/10/2, 40, 17, 11, 15
2025/10/3, 47, 13, 24, 6
2025/10/4, 35, 6, 18, 4
2025/10/5, 14, 8, 16, 10
2025/10/6, 18, 9, 6, 12
2025/10/7, 21, 13, 9, 13
2025/10/8, 31, 12, 9, 10
2025/10/9, 33, 15, 7, 14
2025/10/10, 45, 17, 12, 16
2025/10/11, 51, 15, 15, 12
2025/10/12, 46, 12, 11, 14
2025/10/13, 36, 13, 11, 14
2025/10/14, 29, 15, 4, 18
2025/10/15, 35, 15, 11, 14
2025/10/16, 36, 13, 7, 17
2025/10/17, 30, 14, 11, 17
2025/10/18, 33, 11, 5, 14
2025/10/19, 29, 18, 5, 19
2025/10/20, 50, 12, 11, 15
2025/10/21, 25, 8, 6, 15
2025/10/22, 16, 8, 26, 11
2025/10/23, 14, 6, 25, 7
2025/10/24, 8, 6, 18, 9
2025/10/25, 11, 4, 23, 6
2025/10/26, 10, 4, 22, 5
2025/10/27, 8, 7, 19, 9
2025/10/28, 13, 9, 10, 20
2025/10/29, 13, 12, 20, 14
2025/10/30, 19, 15, 1, 19
2025/10/31, 33, 20, 16, 13
2025/7/1, 41, 20, 35, 22
2025/7/2, 50, 19, 37, 9
2025/7/3, 44, 16, 42, 12
2025/7/4, 42, 14, 51, 13
2025/7/5, 32, 12, 41, 10
2025/7/6, 23, 8, 21, 5
2025/7/7, 15, 6, 27, 7
2025/7/8, 13, 8, 31, 8
2025/7/9, 18, 12, 37, 14
2025/7/10, 26, 13, 36, 11
2025/7/11, 30, 10, 36, 10
2025/7/12, 22, 11, 39, 10
2025/7/13, 26, 11, 27, 12
2025/7/14, 27, 13, 30, 8
2025/7/15, 33, 14, 28, 6
2025/7/16, 33, 9, 32, 9
2025/7/17, 19, 9, 34, 19
2025/7/18, 22, 14, 38, 17
2025/7/19, 32, 10, 34, 10
2025/7/20, 26, 9, 16, 11
2025/7/21, 21, 7, 23, 6
2025/7/22, 13, 6, 28, 9
2025/7/23, 13, 9, 18, 18
2025/7/24, 20, 10, 27, 14
2025/7/25, 22, 11, 25, 13
2025/7/26, 28, 11, 17, 10
2025/7/27, 32, 8, 21, 6
2025/7/28, 22, 9, 27, 9
2025/7/29, 26, 10, 23, 12
2025/7/30, 26, 8, 25, 8
2025/7/31, 23, 8, 16, 9
2025/8/1, 20, 7, 25, 6
2025/8/2, 18, 7, 22, 4
2025/8/3, 19, 8, 14, 11
2025/8/4, 21, 10, 26, 9
2025/8/5, 25, 11, 24, 14
2025/8/6, 21, 12, 37, 14
2025/8/7, 25, 16, 46, 15
2025/8/8, 32, 18, 53, 15
2025/8/9, 39, 18, 45, 8
2025/8/10, 46, 16, 35, 15
2025/8/11, 42, 25, 44, 18
2025/8/12, 58, 30, 43, 18
2025/8/13, 64, 34, 49, 19
2025/8/14, 61, 35, 64, 16
2025/8/15, 68, 32, 44, 6
2025/8/16, 65, 19, 34, 3
2025/8/17, 49, 13, 30, 10
2025/8/18, 29, 15, 38, 16
2025/8/19, 30, 19, 33, 13
2025/8/20, 39, 24, 30, 10
2025/8/21, 49, 20, 33, 6
2025/8/22, 40, 11, 34, 7
2025/8/23, 18, 10, 34, 8
2025/8/24, 22, 11, 39, 15
2025/8/25, 24, 15, 36, 20
2025/8/26, 28, 20, 27, 15
2025/8/27, 45, 17, 19, 15
2025/8/28, 46, 9, 25, 11
2025/8/29, 20, 6, 19, 8
2025/8/30, 12, 5, 18, 10
2025/8/31, 12, 7, 13, 15
2025/9/1, 13, 7, 15, 13
2025/9/2, 12, 8, 15, 14
2025/9/3, 14, 9, 16, 14
2025/9/4, 16, 9, 15, 11
2025/9/5, 16, 7, 21, 13
2025/9/6, 15, 8, 18, 15
2025/9/7, 20, 11, 8, 15
2025/9/8, 26, 15, 20, 12
2025/9/9, 43, 10, 7, 13
2025/9/10, 24, 11, 22, 9
2025/9/11, 21, 7, 20, 11
2025/9/12, 13, 8, 24, 12
2025/9/13, 18, 6, 22, 6
2025/9/14, 15, 5, 17, 5
2025/9/15, 8, 8, 22, 8
2025/9/16, 13, 9, 20, 10
2025/9/17, 15, 11, 21, 17
2025/9/18, 21, 14, 10, 28
2025/9/19, 29, 17, 21, 21
2025/9/20, 41, 14, 25, 10
2025/9/21, 36, 5, 20, 7
2025/9/22, 13, 6, 14, 11
2025/9/23, 12, 9, 10, 13
2025/9/24, 23, 6, 6, 13
2025/9/25, 20, 8, 2, 10
2025/9/26, 22, 11, 5, 10
2025/9/27, 34, 11, 10, 10
2025/9/28, 38, 15, 10, 13
2025/9/29, 47, 22, 15, 13
2025/9/30, 59, 18, 10, 14
2025/4/1, 27, 18, 24, 17
2025/4/2, 39, 22, 21, 23
2025/4/3, 51, 23, 23, 27
2025/4/4, 48, 23, 36, 17
2025/4/5, 46, 19, 26, 6
2025/4/6, 39, 12, 24, 16
2025/4/7, 18, 20, 21, 22
2025/4/8, 31, 22, 29, 22
2025/4/9, 36, 24, 28, 18
2025/4/10, 46, 30, 34, 18
2025/4/11, 62, 27, 27, 24
2025/4/12, 53, 25, 31, 15
2025/4/13, 45, 15, 22, 18
2025/4/14, 34, 19, 19, 18
2025/4/15, 42, 17, 26, 11
2025/4/16, 35, 10, 22, 8
2025/4/17, 26, 9, 24, 5
2025/4/18, 32, 9, 25, 13
2025/4/19, 31, 11, 33, 13
2025/4/20, 32, 7, 22, 11
2025/4/21, 19, 8, 16, 15
2025/4/22, 16, 12, 25, 14
2025/4/23, 24, 9, 16, 13
2025/4/24, 20, 7, 18, 12
2025/4/25, 18, 13, 13, 15
2025/4/26, 42, 14, 33, 12
2025/4/27, 40, 11, 36, 17
2025/4/28, 26, 16, 39, 19
2025/4/29, 34, 19, 39, 22
2025/4/30, 43, 19, 39, 17
2025/5/1, 48, 19, 45, 20
2025/5/2, 45, 22, 32, 12
2025/5/3, 47, 16, 24, 8
2025/5/4, 36, 10, 19, 11
2025/5/5, 24, 10, 22, 13
2025/5/6, 24, 11, 29, 14
2025/5/7, 22, 13, 20, 17
2025/5/8, 30, 16, 26, 17
2025/5/9, 40, 12, 33, 18
2025/5/10, 25, 12, 31, 19
2025/5/11, 30, 11, 30, 15
2025/5/12, 21, 14, 33, 20
2025/5/13, 26, 19, 45, 19
2025/5/14, 40, 20, 35, 12
2025/5/15, 41, 15, 32, 15
2025/5/16, 25, 13, 38, 10
2025/5/17, 23, 15, 40, 8
2025/5/18, 39, 14, 37, 14
2025/5/19, 36, 14, 36, 16
2025/5/20, 26, 15, 26, 19
2025/5/21, 28, 13, 30, 9
2025/5/22, 35, 13, 31, 11
2025/5/23, 32, 10, 37, 10
2025/5/24, 21, 9, 27, 7
2025/5/25, 20, 8, 30, 6
2025/5/26, 19, 11, 30, 11
2025/5/27, 22, 10, 22, 9
2025/5/28, 22, 8, 32, 7
2025/5/29, 19, 10, 30, 13
2025/5/30, 24, 12, 38, 13
2025/5/31, 29, 14, 26, 10
2025/6/1, 32, 15, 15, 15
2025/6/2, 34, 13, 29, 10
2025/6/3, 27, 13, 20, 13
2025/6/4, 30, 10, 23, 10
2025/6/5, 22, 8, 16, 10
2025/6/6, 16, 7, 21, 7
2025/6/7, 15, 6, 27, 2
2025/6/8, 17, 8, 31, 7
2025/6/9, 22, 16, 40, 11
2025/6/10, 49, 21, 39, 11
2025/6/11, 61, 16, 35, 19
2025/6/12, 48, 20, 39, 21
2025/6/13, 54, 22, 50, 13
2025/6/14, 55, 24, 35, 8
2025/6/15, 60, 11, 33, 7
2025/6/16, 34, 10, 29, 15
2025/6/17, 29, 13, 44, 15
2025/6/18, 36, 18, 58, 10
2025/6/19, 54, 14, 33, 9
2025/6/20, 38, 13, 40, 15
2025/6/21, 32, 14, 48, 13
2025/6/22, 40, 18, 33, 7
2025/6/23, 46, 15, 36, 8
2025/6/24, 27, 13, 40, 13
2025/6/25, 25, 18, 39, 12
2025/6/26, 33, 13, 20, 8
2025/6/27, 26, 9, 31, 9
2025/6/28, 21, 9, 36, 10
2025/6/29, 25, 11, 32, 16
2025/6/30, 29, 17, 30, 21
2025/1/1, 131, 24, 27, 8
2025/1/2, 53, 6, 21, 11
2025/1/3, 18, 14, 9, 19
2025/1/4, 31, 32, 21, 13
2025/1/5, 55, 8, 25, 12
2025/1/6, 23, 6, 22, 11
2025/1/7, 12, 5, 14, 19
2025/1/8, 12, 7, 25, 12
2025/1/9, 25, 6, 22, 14
2025/1/10, 12, 14, 14, 17
2025/1/11, 39, 14, 19, 9
2025/1/12, 48, 15, 8, 23
2025/1/13, 45, 25, 4, 25
2025/1/14, 60, 35, 1, 22
2025/1/15, 79, 29, 4, 19
2025/1/16, 71, 28, 8, 18
2025/1/17, 61, 36, 10, 15
2025/1/18, 69, 36, 2, 15
2025/1/19, 83, 33, 1, 16
2025/1/20, 86, 35, 1, 22
2025/1/21, 93, 38, 1, 23
2025/1/22, 96, 27, 16, 16
2025/1/23, 67, 27, 15, 24
2025/1/24, 34, 41, 8, 26
2025/1/25, 51, 25, 29, 14
2025/1/26, 38, 16, 29, 13
2025/1/27, 20, 9, 23, 17
2025/1/28, 12, 10, 22, 14
2025/1/29, 12, 19, 19, 19
2025/1/30, 35, 13, 20, 18
2025/1/31, 25, 19, 10, 22
2025/2/1, 45, 19, 9, 16
2025/2/2, 53, 21, 5, 17
2025/2/3, 61, 25, 4, 16
2025/2/4, 63, 33, 3, 20
2025/2/5, 73, 28, 14, 16
2025/2/6, 72, 27, 17, 17
2025/2/7, 56, 35, 7, 19
2025/2/8, 79, 41, 4, 19
2025/2/9, 100, 51, 2, 18
2025/2/10, 129, 50, 2, 19
2025/2/11, 129, 25, 2, 22
2025/2/12, 72, 12, 13, 16
2025/2/13, 44, 22, 15, 14
2025/2/14, 70, 36, 11, 17
2025/2/15, 89, 31, 16, 11
2025/2/16, 75, 24, 15, 18
2025/2/17, 62, 30, 11, 23
2025/2/18, 67, 39, 10, 23
2025/2/19, 81, 49, 1, 23
2025/2/20, 95, 50, 3, 24
2025/2/21, 92, 39, 11, 21
2025/2/22, 70, 22, 22, 16
2025/2/23, 41, 21, 13, 20
2025/2/24, 39, 21, 15, 21
2025/2/25, 36, 12, 22, 11
2025/2/26, 21, 11, 25, 16
2025/2/27, 22, 9, 18, 15
2025/2/28, 17, 14, 15, 15
2025/3/1, 39, 12, 23, 14
2025/3/2, 37, 19, 10, 25
2025/3/3, 46, 31, 11, 27
2025/3/4, 57, 35, 13, 26
2025/3/5, 65, 39, 14, 28
2025/3/6, 73, 37, 20, 28
2025/3/7, 66, 42, 18, 30
2025/3/8, 82, 41, 23, 25
2025/3/9, 86, 44, 11, 25
2025/3/10, 85, 22, 10, 20
2025/3/11, 48, 20, 14, 15
2025/3/12, 57, 22, 11, 17
2025/3/13, 68, 16, 12, 13
2025/3/14, 51, 20, 15, 12
2025/3/15, 59, 19, 21, 11
2025/3/16, 61, 22, 21, 20
2025/3/17, 64, 16, 20, 19
2025/3/18, 35, 25, 16, 25
2025/3/19, 46, 33, 19, 25
2025/3/20, 65, 28, 11, 28
2025/3/21, 52, 24, 25, 21
2025/3/22, 44, 25, 26, 17
2025/3/23, 52, 15, 19, 21
2025/3/24, 36, 20, 20, 18
2025/3/25, 47, 36, 22, 13
2025/3/26, 87, 20, 15, 18
2025/3/27, 56, 21, 19, 22
2025/3/28, 53, 26, 25, 10
2025/3/29, 68, 17, 33, 9
2025/3/30, 49, 8, 27, 9
2025/3/31, 23, 12, 22, 16
2024/10/1, 17, 8, 15, 13
2024/10/2, 16, 10, 15, 9
2024/10/3, 23, 6, 14, 10
2024/10/4, 17, 7, 13, 11
2024/10/5, 17, 9, , 10
2024/10/6, 28, 10, 6, 14
2024/10/7, 28, 10, 3, 16
2024/10/8, 25, 10, 6, 19
2024/10/9, 18, 10, 22, 7
2024/10/10, 14, 6, 18, 14
2024/10/11, 10, 11, 20, 14
2024/10/12, 26, 7, 26, 7
2024/10/13, 17, 10, , 17
2024/10/14, 24, 16, 4, 12
2024/10/15, 47, 17, 1, 12
2024/10/16, 44, 19, , 13
2024/10/17, 45, 23, , 11
2024/10/18, 52, 22, 2, 12
2024/10/19, 55, 17, 6, 9
2024/10/20, 44, 16, 2, 15
2024/10/21, 42, 19, 13, 13
2024/10/22, 38, 15, 6, 15
2024/10/23, 29, 17, 3, 12
2024/10/24, 46, 17, 1, 16
2024/10/25, 40, 15, 3, 11
2024/10/26, 39, 16, 1, 8
2024/10/27, 51, 17, 4, 15
2024/10/28, 49, 19, 5, 16
2024/10/29, 44, 19, 5, 15
2024/10/30, 45, 21, 4, 14
2024/10/31, 57, 16, 8, 6
2024/11/1, 48, 15, 10, 10
2024/11/2, 49, 12, 11, 9
2024/11/3, 44, 18, 7, 12
2024/11/4, 58, 18, , 12
2024/11/5, 53, 25, 3, 12
2024/11/6, 58, 27, 7, 12
2024/11/7, 68, 21, 2, 12
2024/11/8, 59, 14, 1, 10
2024/11/9, 43, 17, , 10
2024/11/10, 54, 16, 2, 14
2024/11/11, 56, 16, 11, 13
2024/11/12, 49, 21, 9, 12
2024/11/13, 61, 18, 2, 14
2024/11/14, 57, 17, 3, 19
2024/11/15, 52, 22, 8, 15
2024/11/16, 63, 17, 18, 9
2024/11/17, 57, 6, 19, 8
2024/11/18, 19, 5, 24, 6
2024/11/19, 10, 5, 21, 8
2024/11/20, 10, 7, 20, 14
2024/11/21, 13, 18, 22, 11
2024/11/22, 26, 15, 19, 15
2024/11/23, 21, 16, 22, 14
2024/11/24, 24, 24, 26, 23
2024/11/25, 35, 21, 12, 16
2024/11/26, 30, 17, 25, 16
2024/11/27, 38, 11, 24, 9
2024/11/28, 22, 13, 3, 20
2024/11/29, 27, 20, 2, 19
2024/11/30, 51, 22, 2, 15
2024/12/1, 63, 24, 1, 18
2024/12/2, 68, 18, 11, 15
2024/12/3, 47, 10, 10, 18
2024/12/4, 26, 19, 19, 20
2024/12/5, 44, 13, 25, 5
2024/12/6, 30, 10, 10, 19
2024/12/7, 23, 9, 5, 17
2024/12/8, 24, 12, 9, 10
2024/12/9, 38, 13, 3, 9
2024/12/10, 38, 13, 7, 9
2024/12/11, 34, 21, 7, 15
2024/12/12, 54, 29, 6, 16
2024/12/13, 67, 26, 7, 14
2024/12/14, 67, 13, 21, 6
2024/12/15, 42, 5, 21, 12
2024/12/16, 13, 12, 6, 15
2024/12/17, 33, 21, 3, 22
2024/12/18, 51, 23, 25, 12
2024/12/19, 38, 7, 23, 9
2024/12/20, 16, 8, 21, 9
2024/12/21, 22, 4, 27, 5
2024/12/22, 10, 5, 22, 10
2024/12/23, 13, 8, 20, 12
2024/12/24, 22, 14, 3, 17
2024/12/25, 44, 18, 3, 17
2024/12/26, 56, 18, 1, 18
2024/12/27, 56, 26, , 16
2024/12/28, 73, 30, 4, 12
2024/12/29, 85, , , 
2024/7/1, 21, 9, 19, 9
2024/7/2, 21, 8, 11, 13
2024/7/3, 21, 8, 19, 7
2024/7/4, 18, 8, 13, 10
2024/7/5, 16, 10, 23, 11
2024/7/6, 24, 8, 20, 9
2024/7/7, 18, 8, 21, 16
2024/7/8, 18, 10, 18, 19
2024/7/9, 23, 14, 13, 18
2024/7/10, 34, 13, 18, 14
2024/7/11, 33, 11, 18, 13
2024/7/12, 27, 7, 27, 8
2024/7/13, 18, 6, 30, 11
2024/7/14, 16, 10, 27, 18
2024/7/15, 22, 11, 20, 7
2024/7/16, 24, 9, 24, 12
2024/7/17, 17, 12, 22, 20
2024/7/18, 22, 16, 31, 22
2024/7/19, 34, 18, 36, 16
2024/7/20, 47, 18, 31, 12
2024/7/21, 52, 11, 26, 7
2024/7/22, 28, 9, 18, 10
2024/7/23, 18, 9, 25, 6
2024/7/24, 19, 11, 23, 18
2024/7/25, 27, 13, 31, 14
2024/7/26, 30, 17, 24, 14
2024/7/27, 38, 12, 31, 5
2024/7/28, 33, 11, 25, 16
2024/7/29, 32, 15, 32, 22
2024/7/30, 37, 20, 43, 18
2024/7/31, 45, 20, 20, 15
2024/8/1, 46, 16, 36, 9
2024/8/2, 39, 11, 29, 8
2024/8/3, 32, 11, 23, 4
2024/8/4, 34, 8, 27, 9
2024/8/5, 21, 12, 38, 13
2024/8/6, 31, 14, 27, 13
2024/8/7, 36, 11, 32, 8
2024/8/8, 26, 11, 28, 11
2024/8/9, 25, 10, 29, 8
2024/8/10, 22, 9, 35, 10
2024/8/11, 22, 11, 31, 19
2024/8/12, 26, 13, 42, 17
2024/8/13, 30, 15, 42, 9
2024/8/14, 32, 13, 30, 13
2024/8/15, 27, 12, 33, 13
2024/8/16, 27, 10, 25, 9
2024/8/17, 21, 8, 22, 5
2024/8/18, 19, 8, 23, 9
2024/8/19, 23, 11, 12, 13
2024/8/20, 33, 10, 28, 8
2024/8/21, 28, 10, 28, 13
2024/8/22, 21, 11, 34, 14
2024/8/23, 25, 13, 34, 17
2024/8/24, 33, 12, 35, 5
2024/8/25, 31, 8, 23, 15
2024/8/26, 19, 10, 22, 17
2024/8/27, 24, 13, 25, 20
2024/8/28, 32, 18, 33, 22
2024/8/29, 46, 22, 26, 25
2024/8/30, 54, 22, 37, 18
2024/8/31, 57, 25, 39, 17
2024/9/1, 64, 20, 26, 18
2024/9/2, 56, 17, 25, 20
2024/9/3, 41, 18, 27, 15
2024/9/4, 43, 16, 34, 16
2024/9/5, 47, 12, 19, 14
2024/9/6, 33, 9, 28, 18
2024/9/7, 21, 14, 25, 11
2024/9/8, 40, 8, 26, 8
2024/9/9, 18, 6, 23, 6
2024/9/10, 11, 8, 19, 8
2024/9/11, 18, 6, 12, 14
2024/9/12, 14, 7, 18, 8
2024/9/13, 17, 6, 24, 5
2024/9/14, 16, 6, 30, 7
2024/9/15, 14, 8, 15, 12
2024/9/16, 24, 13, 14, 15
2024/9/17, 38, 30, 16, 17
2024/9/18, 60, 37, 20, 23
2024/9/19, 63, 25, 18, 22
2024/9/20, 61, 23, 24, 20
2024/9/21, 60, 21, 23, 17
2024/9/22, 58, 21, 17, 16
2024/9/23, 57, 12, 27, 9
2024/9/24, 29, 8, 24, 12
2024/9/25, 19, 8, 29, 9
2024/9/26, 16, 6, 24, 10
2024/9/27, 9, 6, 22, 9
2024/9/28, 11, 7, 15, 14
2024/9/29, 18, 8, 15, 16
2024/9/30, 19, 9, 20, 14
2024/4/1, 37, 4, 32, 6
2024/4/2, 7, 8, 21, 12
2024/4/3, 12, 7, 26, 6
2024/4/4, 12, 7, 25, 15
2024/4/5, 14, 13, 27, 22
2024/4/6, 24, 19, 29, 19
2024/4/7, 37, 39, 20, 23
2024/4/8, 51, 56, 29, 11
2024/4/9, 63, 12, 28, 12
2024/4/10, 18, 15, 25, 22
2024/4/11, 28, 21, 28, 23
2024/4/12, 38, 23, 34, 24
2024/4/13, 48, 21, 28, 14
2024/4/14, 49, 14, 38, 8
2024/4/15, 26, 10, 30, 5
2024/4/16, 14, 5, 24, 9
2024/4/17, 12, 8, 21, 13
2024/4/18, 21, 8, 23, 9
2024/4/19, 22, 5, 27, 5
2024/4/20, 14, 5, 28, 5
2024/4/21, 13, 7, 26, 10
2024/4/22, 19, 11, 25, 14
2024/4/23, 27, 14, 25, 15
2024/4/24, 37, 9, 27, 11
2024/4/25, 22, 10, 20, 19
2024/4/26, 25, 8, 24, 21
2024/4/27, 17, 9, 30, 17
2024/4/28, 17, 8, 29, 17
2024/4/29, 14, 18, 23, 25
2024/4/30, 29, 47, 30, 20
2024/5/1, 65, 34, 23, 15
2024/5/2, 57, 12, 23, 8
2024/5/3, 23, 8, 21, 16
2024/5/4, 17, 6, 24, 8
2024/5/5, 14, 6, 15, 15
2024/5/6, 12, 6, 24, 8
2024/5/7, 12, 9, 15, 16
2024/5/8, 24, 13, 32, 13
2024/5/9, 42, 15, 30, 21
2024/5/10, 42, 16, 35, 23
2024/5/11, 42, 16, 32, 22
2024/5/12, 46, 13, 25, 20
2024/5/13, 33, 16, 25, 23
2024/5/14, 37, 13, 25, 15
2024/5/15, 28, 11, 30, 12
2024/5/16, 30, 6, 21, 9
2024/5/17, 11, 4, 28, 8
2024/5/18, 10, 5, 25, 7
2024/5/19, 12, 7, 31, 10
2024/5/20, 20, 9, 18, 14
2024/5/21, 23, 7, 22, 10
2024/5/22, 15, 10, 21, 14
2024/5/23, 23, 9, 18, 15
2024/5/24, 24, 7, 27, 13
2024/5/25, 17, 8, 27, 13
2024/5/26, 20, 8, 13, 15
2024/5/27, 20, 7, 30, 9
2024/5/28, 17, 8, 18, 15
2024/5/29, 15, 6, 27, 4
2024/5/30, 14, 6, 20, 8
2024/5/31, 18, 8, 25, 5
2024/6/1, 29, 9, 18, 9
2024/6/2, 30, 16, 22, 9
2024/6/3, 50, 19, 21, 16
2024/6/4, 55, 16, 21, 12
2024/6/5, 45, 13, 25, 12
2024/6/6, 33, 12, 34, 14
2024/6/7, 28, 14, 31, 15
2024/6/8, 37, 14, 34, 6
2024/6/9, 40, 10, 29, 8
2024/6/10, 27, 8, 26, 8
2024/6/11, 15, 8, 34, 10
2024/6/12, 17, 9, 28, 12
2024/6/13, 21, 10, 19, 17
2024/6/14, 23, 8, 24, 8
2024/6/15, 18, 6, 25, 7
2024/6/16, 13, 6, 13, 9
2024/6/17, 11, 9, 25, 16
2024/6/18, 16, 13, 34, 10
2024/6/19, 30, 11, 17, 13
2024/6/20, 27, 22, 25, 14
2024/6/21, 52, 13, 24, 8
2024/6/22, 30, 7, 27, 6
2024/6/23, 18, 12, 28, 14
2024/6/24, 34, 13, 20, 16
2024/6/25, 34, 17, , 16
2024/6/26, 44, 17, 32, 16
2024/6/27, 48, 17, 26, 12
2024/6/28, 48, 18, 24, 16
2024/6/29, 49, 24, 30, 5
2024/6/30, 49, 9, 23, 9
2024/1/1, 46, 5, 28, 4
2024/1/2, 13, 2, 28, 3
2024/1/3, 5, 3, 26, 8
2024/1/4, 7, 9, 4, 21
2024/1/5, 23, 10, 14, 8
2024/1/6, 29, 10, 19, 5
2024/1/7, 40, 18, 20, 9
2024/1/8, 39, 26, 8, 17
2024/1/9, 58, 35, 6, 20
2024/1/10, 75, 49, 2, 20
2024/1/11, 109, 57, 10, 19
2024/1/12, 141, 36, 10, 12
2024/1/13, 95, 33, 8, 12
2024/1/14, 80, 32, 21, 8
2024/1/15, 74, 29, 14, 20
2024/1/16, 43, 57, 11, 25
2024/1/17, 71, 19, 16, 12
2024/1/18, 37, 18, 14, 18
2024/1/19, 55, 29, 12, 20
2024/1/20, 71, 39, 15, 21
2024/1/21, 83, 35, 22, 14
2024/1/22, 56, 11, 22, 11
2024/1/23, 19, 8, 26, 6
2024/1/24, 17, 12, 26, 14
2024/1/25, 27, 11, 17, 10
2024/1/26, 24, 10, 6, 20
2024/1/27, 22, 21, 2, 20
2024/1/28, 53, 25, , 21
2024/1/29, 57, 37, , 26
2024/1/30, 65, 47, 1, 22
2024/1/31, 79, 28, 10, 15
2024/2/1, 60, 12, 10, 15
2024/2/2, 30, 17, 12, 14
2024/2/3, 37, 7, 16, 7
2024/2/4, 14, 8, 10, 14
2024/2/5, 13, 19, 19, 11
2024/2/6, 36, 12, 24, 4
2024/2/7, 23, 8, 20, 7
2024/2/8, 15, 18, 9, 16
2024/2/9, 32, 14, 1, 14
2024/2/10, 41, 15, 20, 6
2024/2/11, 48, 6, 17, 9
2024/2/12, 12, 9, 19, 14
2024/2/13, 16, 17, 16, 17
2024/2/14, 31, 14, 10, 19
2024/2/15, 22, 23, 7, 19
2024/2/16, 38, 16, 20, 12
2024/2/17, 40, 15, 13, 13
2024/2/18, 47, 9, 19, 7
2024/2/19, 28, 8, 22, 9
2024/2/20, 20, 14, 19, 16
2024/2/21, 31, 11, 35, 7
2024/2/22, 18, 6, 28, 16
2024/2/23, 9, 8, 23, 13
2024/2/24, 16, 8, 19, 18
2024/2/25, 21, 12, 7, 20
2024/2/26, 23, 17, 19, 11
2024/2/27, 38, 23, 15, 13
2024/2/28, 65, 30, 5, 19
2024/2/29, 76, 33, 5, 17
2024/3/1, 77, 24, 9, 19
2024/3/2, 61, 20, 6, 19
2024/3/3, 60, 21, 9, 12
2024/3/4, 60, 23, 13, 14
2024/3/5, 69, 12, 10, 16
2024/3/6, 40, 25, 7, 17
2024/3/7, 70, 29, 8, 19
2024/3/8, 75, 23, 9, 24
2024/3/9, 63, 16, 15, 14
2024/3/10, 46, 8, 21, 14
2024/3/11, 21, 11, 17, 11
2024/3/12, 21, 10, 12, 15
2024/3/13, 29, 11, 6, 16
2024/3/14, 25, 15, 26, 11
2024/3/15, 27, 7, 26, 8
2024/3/16, 14, 8, 18, 14
2024/3/17, 23, 13, 8, 18
2024/3/18, 40, 16, 12, 18
2024/3/19, 44, 21, 11, 23
2024/3/20, 37, 23, 25, 18
2024/3/21, 43, 26, 20, 22
2024/3/22, 58, 18, 28, 10
2024/3/23, 41, 4, 29, 3
2024/3/24, 12, 6, 18, 14
2024/3/25, 14, 13, 12, 22
2024/3/26, 26, 18, 21, 14
2024/3/27, 37, 9, 31, 12
2024/3/28, 18, 8, 14, 16
2024/3/29, 15, 26, 14, 17
2024/3/30, 41, 53, 19, 13
2024/3/31, 67, 23, 29, 3
2023/10/1, 44, 18, 11, 27
2023/10/2, 53, 27, 31, 12
2023/10/3, 70, 11, 23, 14
2023/10/4, 28, 10, 14, 17
2023/10/5, 22, 15, 9, 20
2023/10/6, 41, 16, 11, 21
2023/10/7, 45, 15, 13, 21
2023/10/8, 36, 29, 4, 23
2023/10/9, 51, 38, 3, 25
2023/10/10, 60, 33, 14, 24
2023/10/11, 58, 27, 7, 27
2023/10/12, 52, 28, 21, 22
2023/10/13, 51, 19, 25, 7
2023/10/14, 34, 7, 21, 8
2023/10/15, 17, 9, 9, 18
2023/10/16, 24, 13, 4, 18
2023/10/17, 34, 20, 1, 15
2023/10/18, 55, 20, , 15
2023/10/19, 56, 15, 11, 15
2023/10/20, 43, 7, 18, 15
2023/10/21, 16, 6, 21, 12
2023/10/22, 15, 12, , 18
2023/10/23, 30, 18, 5, 16
2023/10/24, 43, 11, 20, 13
2023/10/25, 28, 8, 11, 16
2023/10/26, 15, 7, 15, 13
2023/10/27, 17, 5, 18, 12
2023/10/28, 13, 8, 12, 15
2023/10/29, 21, 9, 15, 17
2023/10/30, 17, 12, 13, 13
2023/10/31, 18, 8, 20, 10
2023/11/1, 14, 6, 14, 19
2023/11/2, 13, 8, 13, 13
2023/11/3, 13, 8, 21, 14
2023/11/4, 16, 3, 24, 5
2023/11/5, 7, 4, 14, 12
2023/11/6, 8, 5, 13, 13
2023/11/7, 10, 6, 13, 16
2023/11/8, 13, 11, 17, 16
2023/11/9, 26, 6, 15, 13
2023/11/10, 11, 5, 22, 7
2023/11/11, 11, 6, 9, 12
2023/11/12, 17, 7, 19, 13
2023/11/13, 24, 6, 24, 13
2023/11/14, 16, 5, 22, 13
2023/11/15, 11, 7, 9, 17
2023/11/16, 16, 7, 15, 11
2023/11/17, 19, 5, 8, 14
2023/11/18, 16, 5, 24, 6
2023/11/19, 16, 5, 15, 11
2023/11/20, 14, 6, 10, 13
2023/11/21, 14, 8, 12, 9
2023/11/22, 23, 12, 19, 11
2023/11/23, 37, 6, 25, 5
2023/11/24, 14, 5, 23, 3
2023/11/25, 12, 5, 16, 5
2023/11/26, 13, 7, 20, 11
2023/11/27, 18, 5, 16, 7
2023/11/28, 11, 10, 8, 14
2023/11/29, 30, 23, 3, 22
2023/11/30, 45, 28, , 18
2023/12/1, 63, 19, 9, 8
2023/12/2, 61, 22, 10, 13
2023/12/3, 54, 30, , 25
2023/12/4, 68, 27, 14, 13
2023/12/5, 55, 9, 11, 10
2023/12/6, 16, 17, 3, 22
2023/12/7, 41, 40, 3, 23
2023/12/8, 60, 21, 16, 16
2023/12/9, 49, 10, 26, 5
2023/12/10, 25, 7, 18, 11
2023/12/11, 16, 11, 6, 18
2023/12/12, 23, 8, 13, 16
2023/12/13, 17, 6, 8, 13
2023/12/14, 17, 8, 6, 12
2023/12/15, 24, 11, 3, 17
2023/12/16, 31, 19, 1, 13
2023/12/17, 56, 25, 4, 17
2023/12/18, 66, 30, 1, 17
2023/12/19, 68, 15, 20, 8
2023/12/20, 39, 4, 29, 4
2023/12/21, 9, 3, 27, 2
2023/12/22, 8, 2, 27, 1
2023/12/23, 7, 2, 24, 1
2023/12/24, 4, 2, 24, 3
2023/12/25, 5, 3, 21, 4
2023/12/26, 10, 8, 13, 17
2023/12/27, 19, 13, 16, 14
2023/12/28, 34, 6, 19, 7
2023/12/29, 18, 6, 18, 12
2023/12/30, 16, 9, 20, 12
2023/12/31, 31, 13, 22, 5
2023/7/1, 44, 9, 32, 4
2023/7/2, 26, 18, 26, 9
2023/7/3, 54, 11, 24, 10
2023/7/4, 26, 12, 26, 11
2023/7/5, 26, 10, 27, 18
2023/7/6, 21, 14, 25, 24
2023/7/7, 31, 16, 29, 21
2023/7/8, 37, 14, 33, 17
2023/7/9, 34, 18, 38, 14
2023/7/10, 43, 23, 36, 17
2023/7/11, 47, 23, 25, 7
2023/7/12, 43, 11, 33, 10
2023/7/13, 21, 13, 26, 22
2023/7/14, 23, 15, 37, 16
2023/7/15, 31, 12, 26, 6
2023/7/16, 26, 10, 27, 11
2023/7/17, 23, 13, 21, 18
2023/7/18, 26, 16, 33, 11
2023/7/19, 32, 12, 30, 10
2023/7/20, 21, 10, 28, 15
2023/7/21, 18, 9, 28, 12
2023/7/22, 19, 9, 27, 10
2023/7/23, 21, 13, 17, 17
2023/7/24, 33, 12, 21, 10
2023/7/25, 26, 9, 21, 10
2023/7/26, 22, 10, 7, 16
2023/7/27, 22, 12, 4, 17
2023/7/28, 25, 10, 18, 8
2023/7/29, 22, 7, 23, 6
2023/7/30, 16, 7, 22, 10
2023/7/31, 17, 9, 26, 8
2023/8/1, 21, 7, 19, 9
2023/8/2, 17, 8, 22, 5
2023/8/3, 16, 6, 23, 10
2023/8/4, 11, 7, 26, 9
2023/8/5, 19, 6, 27, 4
2023/8/6, 18, 4, 25, 4
2023/8/7, 9, 6, 24, 8
2023/8/8, 13, 7, 21, 9
2023/8/9, 15, 8, 30, 14
2023/8/10, 19, 11, 40, 18
2023/8/11, 28, 15, 23, 15
2023/8/12, 39, 11, 20, 9
2023/8/13, 34, 11, 24, 15
2023/8/14, 30, 16, 32, 11
2023/8/15, 42, 15, 26, 15
2023/8/16, 37, 15, 23, 13
2023/8/17, 42, 16, 30, 18
2023/8/18, 44, 22, 44, 14
2023/8/19, 39, 23, 47, 12
2023/8/20, 55, 21, 35, 16
2023/8/21, 54, 21, 40, 13
2023/8/22, 50, 19, 49, 13
2023/8/23, 43, 23, 35, 18
2023/8/24, 54, 17, 26, 13
2023/8/25, 40, 13, 18, 10
2023/8/26, 34, 11, 16, 8
2023/8/27, 31, 8, 22, 9
2023/8/28, 18, 9, 17, 12
2023/8/29, 22, 13, 20, 14
2023/8/30, 35, 10, 22, 10
2023/8/31, 22, 9, 14, 11
2023/9/1, 20, 9, 21, 14
2023/9/2, 19, 10, 26, 13
2023/9/3, 26, 9, 21, 19
2023/9/4, 24, 12, 19, 18
2023/9/5, 27, 16, 23, 20
2023/9/6, 34, 19, 25, 23
2023/9/7, 44, 20, 36, 22
2023/9/8, 51, 23, 42, 21
2023/9/9, 58, 27, 46, 18
2023/9/10, 62, 25, 35, 24
2023/9/11, 59, 33, 34, 24
2023/9/12, 63, 22, 25, 12
2023/9/13, 47, 11, 18, 15
2023/9/14, 28, 12, 17, 19
2023/9/15, 30, 15, 20, 19
2023/9/16, 44, 13, 19, 19
2023/9/17, 36, 14, 20, 16
2023/9/18, 29, 8, 23, 9
2023/9/19, 14, 9, 19, 19
2023/9/20, 17, 12, 20, 21
2023/9/21, 24, 9, 15, 13
2023/9/22, 16, 5, 21, 9
2023/9/23, 10, 6, 19, 13
2023/9/24, 14, 9, 15, 19
2023/9/25, 22, 12, 15, 21
2023/9/26, 31, 14, 15, 23
2023/9/27, 35, 16, 10, 25
2023/9/28, 38, 17, 27, 15
2023/9/29, 37, 13, 19, 14
2023/9/30, 35, 14, 15, 20
2023/4/1, 10, 3, 25, 7
2023/4/2, 6, 7, 25, 13
2023/4/3, 18, 11, 23, 16
2023/4/4, 26, 17, 25, 19
2023/4/5, 46, 25, 31, 22
2023/4/6, 59, 17, 23, 9
2023/4/7, 47, 11, 22, 10
2023/4/8, 42, 15, 22, 12
2023/4/9, 54, 12, 21, 18
2023/4/10, 45, 7, 30, 7
2023/4/11, 20, 8, 23, 14
2023/4/12, 18, 6, 18, 15
2023/4/13, 11, 9, 31, 16
2023/4/14, 19, 12, 29, 15
2023/4/15, 29, 9, 19, 5
2023/4/16, 31, 12, 15, 10
2023/4/17, 48, 15, 15, 14
2023/4/18, 45, 17, 20, 13
2023/4/19, 51, 17, 8, 23
2023/4/20, 48, 17, 16, 18
2023/4/21, 53, 14, 30, 17
2023/4/22, 37, 9, 29, 10
2023/4/23, 21, 5, 30, 8
2023/4/24, 11, 7, 22, 13
2023/4/25, 17, 13, 24, 17
2023/4/26, 35, 17, 22, 22
2023/4/27, 43, 18, 7, 22
2023/4/28, 43, 10, 22, 9
2023/4/29, 24, 10, 22, 14
2023/4/30, 32, 13, 20, 14
2023/5/1, 43, 15, 30, 12
2023/5/2, 46, 15, 19, 16
2023/5/3, 42, 17, 20, 24
2023/5/4, 40, 21, 16, 23
2023/5/5, 45, 12, 26, 15
2023/5/6, 26, 11, 20, 16
2023/5/7, 28, 13, 8, 15
2023/5/8, 36, 20, 13, 15
2023/5/9, 53, 12, 19, 10
2023/5/10, 25, 6, 20, 11
2023/5/11, 11, 9, 11, 13
2023/5/12, 22, 10, 13, 12
2023/5/13, 26, 12, 18, 13
2023/5/14, 39, 13, 30, 13
2023/5/15, 35, 16, 23, 11
2023/5/16, 48, 12, 21, 14
2023/5/17, 32, 12, 26, 15
2023/5/18, 33, 14, 17, 16
2023/5/19, 34, 14, 24, 15
2023/5/20, 37, 18, 24, 14
2023/5/21, 52, 21, 34, 16
2023/5/22, 57, 25, 33, 10
2023/5/23, 66, 17, 23, 11
2023/5/24, 45, 15, 26, 16
2023/5/25, 38, 18, 35, 15
2023/5/26, 46, 17, 29, 17
2023/5/27, 45, 17, 39, 15
2023/5/28, 43, 15, 40, 13
2023/5/29, 39, 16, 33, 13
2023/5/30, 34, 16, 27, 19
2023/5/31, 27, 18, 39, 19
2023/6/1, 34, 18, 33, 10
2023/6/2, 37, 19, 34, 11
2023/6/3, 42, 17, 38, 11
2023/6/4, 42, 14, 39, 15
2023/6/5, 29, 16, 36, 15
2023/6/6, 33, 17, 37, 17
2023/6/7, 39, 15, 34, 16
2023/6/8, 38, 17, 26, 20
2023/6/9, 49, 17, 33, 17
2023/6/10, 50, 13, 36, 13
2023/6/11, 41, 17, 28, 20
2023/6/12, 49, 18, 34, 20
2023/6/13, 41, 21, 36, 17
2023/6/14, 45, 20, 36, 17
2023/6/15, 49, 18, 44, 16
2023/6/16, 44, 20, 52, 16
2023/6/17, 50, 21, 42, 18
2023/6/18, 56, 18, 37, 14
2023/6/19, 48, 16, 27, 17
2023/6/20, 39, 24, 28, 18
2023/6/21, 53, 21, 34, 17
2023/6/22, 51, 17, 37, 7
2023/6/23, 39, 11, 37, 14
2023/6/24, 32, 12, 38, 17
2023/6/25, 36, 17, 39, 16
2023/6/26, 47, 15, 38, 11
2023/6/27, 30, 13, 39, 14
2023/6/28, 25, 16, 41, 20
2023/6/29, 36, 21, 25, 17
2023/6/30, 52, 16, 27, 6
2023/1/2, 41, 12, 17, 19
2023/1/3, 22, 12, 24, 11
2023/1/4, 30, 4, 21, 7
2023/1/5, 10, 6, 13, 11
2023/1/6, 15, 7, 11, 15
2023/1/7, 18, 11, 21, 13
2023/1/8, 34, 6, 16, 11
2023/1/9, 16, 5, 19, 10
2023/1/10, 11, 7, 16, 14
2023/1/11, 15, 7, 20, 9
2023/1/12, 15, 5, 23, 7
2023/1/13, 9, 5, 22, 12
2023/1/14, 13, 4, 27, 5
2023/1/15, 8, 5, 24, 14
2023/1/16, 9, 9, 17, 20
2023/1/17, 14, 16, 12, 12
2023/1/18, 34, 18, 7, 18
2023/1/19, 46, 25, 6, 23
2023/1/20, 56, 31, 12, 15
2023/1/21, 61, 20, 11, 11
2023/1/22, 57, 18, 9, 13
2023/1/23, 51, 23, 9, 12
2023/1/24, 57, 26, 7, 14
2023/1/25, 60, 26, 5, 14
2023/1/26, 62, 23, 4, 13
2023/1/27, 58, 29, 11, 11
2023/1/28, 53, 23, 13, 13
2023/1/29, 51, 23, 15, 10
2023/1/30, 54, 16, 17, 9
2023/1/31, 33, 15, 26, 7
2023/2/1, 27, 11, 23, 5
2023/2/2, 22, 8, 22, 7
2023/2/3, 13, 7, 22, 12
2023/2/4, 16, 17, 8, 15
2023/2/5, 48, 17, 11, 15
2023/2/6, 55, 26, 8, 18
2023/2/7, 56, 32, 7, 23
2023/2/8, 65, 38, 3, 23
2023/2/9, 78, 49, 5, 24
2023/2/10, 101, 46, 14, 20
2023/2/11, 99, 35, 9, 19
2023/2/12, 87, 25, 2, 17
2023/2/13, 62, 30, 2, 17
2023/2/14, 68, 39, , 18
2023/2/15, 82, 45, 3, 25
2023/2/16, 86, 35, 19, 10
2023/2/17, 54, 11, 21, 5
2023/2/18, 16, 6, 25, 3
2023/2/19, 12, 11, 19, 14
2023/2/20, 19, 22, 6, 23
2023/2/21, 35, 27, 9, 21
2023/2/22, 52, 34, 7, 19
2023/2/23, 69, 31, 20, 10
2023/2/24, 68, 18, 26, 7
2023/2/25, 43, 7, 20, 8
2023/2/26, 17, 9, 17, 14
2023/2/27, 18, 16, 16, 18
2023/2/28, 37, 29, 13, 20
2023/3/1, 68, 35, 12, 18
2023/3/2, 80, 41, 11, 21
2023/3/3, 91, 37, 14, 15
2023/3/4, 90, 26, 18, 13
2023/3/5, 72, 20, 21, 11
2023/3/6, 60, 19, 26, 8
2023/3/7, 49, 18, 23, 11
2023/3/8, 43, 12, 28, 10
2023/3/9, 20, 11, 27, 8
2023/3/10, 16, 5, 26, 10
2023/3/11, 11, 12, 19, 16
2023/3/12, 34, 12, 21, 12
2023/3/13, 26, 9, 28, 7
2023/3/14, 12, 7, 20, 13
2023/3/15, 14, 15, 8, 22
2023/3/16, 38, 21, 2, 27
2023/3/17, 42, 22, 23, 22
2023/3/18, 40, 15, 22, 17
2023/3/19, 35, 10, 14, 13
2023/3/20, 24, 14, 13, 21
2023/3/21, 27, 17, 22, 19
2023/3/22, 30, 13, 23, 14
2023/3/23, 22, 11, 22, 11
2023/3/24, 21, 6, 28, 5
2023/3/25, 11, 4, 29, 7
2023/3/26, 10, 5, 26, 6
2023/3/27, 12, 9, 18, 16
2023/3/28, 19, 13, 19, 19
2023/3/29, 24, 20, 23, 12
2023/3/30, 33, 13, 28, 10
2023/3/31, 25, 5, 24, 5
2022/10/1, 33, 6, 12, 11
2022/10/2, 14, 7, 16, 11
2022/10/3, 20, 14, 2, 16
2022/10/4, 37, 17, 7, 17
2022/10/5, 38, 16, 14, 18
2022/10/6, 33, 15, 6, 20
2022/10/7, 31, 18, 22, 13
2022/10/8, 46, 12, 10, 14
2022/10/9, 33, 15, 12, 17
2022/10/10, 35, 23, 6, 12
2022/10/11, 48, 28, 4, 15
2022/10/12, 59, 26, 3, 16
2022/10/13, 57, 21, 7, 15
2022/10/14, 48, 10, 8, 9
2022/10/15, 20, 7, 4, 11
2022/10/16, 14, 15, 9, 14
2022/10/17, 27, 22, 13, 14
2022/10/18, 36, 19, 4, 16
2022/10/19, 39, 18, , 14
2022/10/20, 43, 20, 9, 12
2022/10/21, 49, 10, 15, 12
2022/10/22, 21, 12, 1, 12
2022/10/23, 27, 14, 19, 14
2022/10/24, 28, 13, 12, 14
2022/10/25, 20, 18, 9, 15
2022/10/26, 30, 20, 1, 15
2022/10/27, 39, 23, , 16
2022/10/28, 45, 26, , 15
2022/10/29, 52, 26, 1, 12
2022/10/30, 58, 22, , 15
2022/10/31, 53, 22, 15, 11
2022/11/1, 53, 11, 11, 17
2022/11/2, 25, 18, 4, 18
2022/11/3, 42, 14, 11, 17
2022/11/4, 31, 8, 11, 11
2022/11/5, 22, 11, 7, 11
2022/11/6, 41, 8, 11, 16
2022/11/7, 23, 15, 2, 20
2022/11/8, 33, 17, 8, 18
2022/11/9, 42, 11, 6, 17
2022/11/10, 25, 19, , 15
2022/11/11, 39, 20, , 10
2022/11/12, 51, 18, 1, 11
2022/11/13, 57, 16, 1, 16
2022/11/14, 53, 19, , 18
2022/11/15, 41, 18, 6, 19
2022/11/16, 38, 14, 14, 16
2022/11/17, 28, 8, 13, 15
2022/11/18, 16, 5, 8, 12
2022/11/19, 14, 6, 22, 7
2022/11/20, 22, 5, 15, 17
2022/11/21, 11, 11, 11, 15
2022/11/22, 21, 12, 19, 18
2022/11/23, 20, 12, 10, 18
2022/11/24, 21, 21, 3, 19
2022/11/25, 42, 19, 2, 19
2022/11/26, 45, 18, 1, 15
2022/11/27, 55, 18, , 19
2022/11/28, 52, 20, 1, 16
2022/11/29, 55, 19, 9, 15
2022/11/30, 56, 26, 8, 12
2022/12/1, 61, 22, 1, 12
2022/12/2, 63, 16, 2, 12
2022/12/3, 54, 19, 4, 8
2022/12/4, 61, 20, , 13
2022/12/5, 58, 25, , 12
2022/12/6, 55, 17, 8, 13
2022/12/7, 39, 19, 4, 20
2022/12/8, 42, 25, , 20
2022/12/9, 56, 28, 5, 13
2022/12/10, 75, 25, 6, 15
2022/12/11, 67, 37, 3, 20
2022/12/12, 78, 45, 6, 23
2022/12/13, 82, 52, 6, 18
2022/12/14, 81, 47, 4, 20
2022/12/15, 92, 34, 5, 20
2022/12/16, 83, 39, 4, 25
2022/12/17, 81, 53, 4, 23
2022/12/18, 116, 45, 2, 25
2022/12/19, 102, 31, 2, 23
2022/12/20, 81, 23, 12, 19
2022/12/21, 59, 9, 17, 10
2022/12/22, 22, 7, 20, 14
2022/12/23, 17, 8, 10, 15
2022/12/24, 19, 9, 6, 14
2022/12/25, 26, 7, 25, 10
2022/12/26, 21, 6, 17, 16
2022/12/27, 14, 12, 10, 15
2022/12/28, 26, 9, 21, 11
2022/12/29, 20, 5, 16, 15
2022/12/30, 12, 5, 18, 7
2022/12/31, 12, 29, 15, 12
2023/1/1, 86, 16, 26, 12
2022/7/1, 30, 8, 19, 17
2022/7/2, 17, 8, 34, 11
2022/7/3, 19, 11, 36, 13
2022/7/4, 22, 13, 42, 16
2022/7/5, 26, 14, 38, 10
2022/7/6, 28, 15, 22, 11
2022/7/7, 27, 10, 26, 10
2022/7/8, 20, 11, 30, 14
2022/7/9, 26, 11, 25, 5
2022/7/10, 27, 8, 20, 14
2022/7/11, 19, 10, 19, 15
2022/7/12, 22, 12, 16, 24
2022/7/13, 18, 18, 49, 18
2022/7/14, 27, 18, 39, 15
2022/7/15, 32, 15, 37, 14
2022/7/16, 31, 14, 39, 15
2022/7/17, 33, 15, 29, 26
2022/7/18, 31, 21, 21, 28
2022/7/19, 40, 27, 46, 22
2022/7/20, 49, 29, 29, 12
2022/7/21, 62, 17, 42, 20
2022/7/22, 49, 17, 47, 10
2022/7/23, 49, 18, 41, 14
2022/7/24, 55, 21, 38, 17
2022/7/25, 57, 17, 45, 7
2022/7/26, 34, 12, 33, 11
2022/7/27, 22, 17, 33, 20
2022/7/28, 32, 22, 22, 19
2022/7/29, 46, 19, 51, 12
2022/7/30, 47, 15, 37, 14
2022/7/31, 37, 13, 29, 9
2022/8/1, 27, 13, 33, 15
2022/8/2, 23, 18, 25, 22
2022/8/3, 33, 18, 36, 26
2022/8/4, 32, 20, 51, 15
2022/8/5, 38, 13, 34, 9
2022/8/6, 28, 9, 34, 12
2022/8/7, 19, 10, 35, 18
2022/8/8, 21, 16, 31, 20
2022/8/9, 31, 19, 26, 20
2022/8/10, 34, 18, 29, 22
2022/8/11, 33, 18, 27, 21
2022/8/12, 33, 14, 33, 17
2022/8/13, 26, 15, 40, 15
2022/8/14, 34, 16, 41, 10
2022/8/15, 33, 16, 42, 17
2022/8/16, 31, 23, 23, 24
2022/8/17, 51, 21, 51, 13
2022/8/18, 48, 22, 32, 15
2022/8/19, 58, 16, 22, 9
2022/8/20, 43, 9, 42, 14
2022/8/21, 22, 13, 29, 19
2022/8/22, 33, 16, 25, 23
2022/8/23, 36, 19, 24, 21
2022/8/24, 41, 14, 24, 19
2022/8/25, 30, 18, 35, 19
2022/8/26, 41, 21, 14, 12
2022/8/27, 54, 21, 32, 8
2022/8/28, 60, 15, 28, 19
2022/8/29, 43, 16, 23, 22
2022/8/30, 41, 16, 21, 18
2022/8/31, 41, 18, 13, 18
2022/9/1, 51, 15, 15, 21
2022/9/2, 36, 12, 16, 17
2022/9/3, 25, 8, 23, 12
2022/9/4, 21, 9, 18, 21
2022/9/5, 22, 16, 14, 21
2022/9/6, 34, 17, 26, 14
2022/9/7, 35, 11, 20, 12
2022/9/8, 21, 7, 21, 12
2022/9/9, 14, 5, 17, 7
2022/9/10, 11, 5, 25, 7
2022/9/11, 14, 11, 15, 19
2022/9/12, 31, 13, 12, 26
2022/9/13, 26, 14, 15, 14
2022/9/14, 27, 9, 13, 12
2022/9/15, 19, 9, 14, 14
2022/9/16, 22, 7, 18, 5
2022/9/17, 15, 5, 24, 3
2022/9/18, 11, 5, 18, 9
2022/9/19, 10, 8, 17, 14
2022/9/20, 17, 11, 9, 19
2022/9/21, 27, 12, 7, 22
2022/9/22, 27, 14, 11, 23
2022/9/23, 33, 18, 5, 20
2022/9/24, 50, 14, 18, 10
2022/9/25, 48, 10, 20, 11
2022/9/26, 32, 6, 20, 8
2022/9/27, 12, 5, 14, 12
2022/9/28, 10, 11, 4, 17
2022/9/29, 23, 17, 6, 18
2022/9/30, 37, 13, 15, 12
2022/4/1, 50, 13, 24, 10
2022/4/2, 46, 14, 22, 10
2022/4/3, 45, 19, 35, 15
2022/4/4, 47, 18, 30, 13
2022/4/5, 47, 13, 19, 10
2022/4/6, 29, 9, 32, 6
2022/4/7, 12, 9, 29, 17
2022/4/8, 13, 6, 29, 9
2022/4/9, 17, 8, 30, 10
2022/4/10, 23, 15, 13, 27
2022/4/11, 39, 21, 7, 30
2022/4/12, 41, 26, 32, 25
2022/4/13, 41, 30, 29, 16
2022/4/14, 53, 19, 34, 10
2022/4/15, 49, 10, 25, 13
2022/4/16, 28, 10, 26, 14
2022/4/17, 27, 10, 29, 17
2022/4/18, 27, 14, 31, 21
2022/4/19, 31, 17, 22, 20
2022/4/20, 34, 21, 21, 19
2022/4/21, 47, 20, 24, 17
2022/4/22, 49, 22, 16, 18
2022/4/23, 57, 16, 26, 10
2022/4/24, 48, 15, 14, 18
2022/4/25, 41, 18, 26, 15
2022/4/26, 48, 13, 15, 19
2022/4/27, 36, 18, 22, 24
2022/4/28, 45, 20, 18, 27
2022/4/29, 48, 22, 24, 12
2022/4/30, 56, 18, 28, 9
2022/5/1, 59, 20, 23, 21
2022/5/2, 57, 23, 13, 23
2022/5/3, 57, 20, 27, 21
2022/5/4, 47, 21, 18, 16
2022/5/5, 52, 23, 18, 18
2022/5/6, 63, 18, 28, 21
2022/5/7, 48, 20, 22, 20
2022/5/8, 55, 19, 22, 22
2022/5/9, 54, 23, 33, 22
2022/5/10, 56, 22, 35, 17
2022/5/11, 51, 19, 27, 14
2022/5/12, 34, 18, 27, 15
2022/5/13, 36, 15, 31, 17
2022/5/14, 29, 14, 33, 20
2022/5/15, 31, 16, 25, 20
2022/5/16, 33, 17, 22, 19
2022/5/17, 31, 17, 26, 25
2022/5/18, 32, 18, 35, 23
2022/5/19, 35, 24, 33, 18
2022/5/20, 44, 17, 33, 8
2022/5/21, 32, 9, 37, 15
2022/5/22, 22, 12, 31, 20
2022/5/23, 26, 13, 27, 10
2022/5/24, 22, 7, 28, 13
2022/5/25, 10, 7, 26, 9
2022/5/26, 12, 8, 20, 11
2022/5/27, 15, 8, 31, 7
2022/5/28, 17, 8, 28, 10
2022/5/29, 19, 9, 28, 19
2022/5/30, 22, 14, 22, 22
2022/5/31, 27, 18, 31, 17
2022/6/1, 33, 13, 26, 19
2022/6/2, 23, 18, 29, 23
2022/6/3, 39, 22, 27, 17
2022/6/4, 57, 17, 17, 12
2022/6/5, 50, 10, 27, 6
2022/6/6, 23, 8, 19, 14
2022/6/7, 17, 10, 18, 13
2022/6/8, 17, 9, 23, 7
2022/6/9, 15, 10, 21, 19
2022/6/10, 20, 13, 39, 19
2022/6/11, 30, 14, 41, 13
2022/6/12, 40, 13, 35, 10
2022/6/13, 32, 15, 28, 21
2022/6/14, 33, 19, 45, 24
2022/6/15, 41, 19, 65, 12
2022/6/16, 47, 15, 32, 18
2022/6/17, 36, 16, 33, 21
2022/6/18, 33, 35, 44, 15
2022/6/19, 57, 35, 35, 13
2022/6/20, 62, 17, 27, 20
2022/6/21, 36, 22, 16, 23
2022/6/22, 49, 26, 22, 20
2022/6/23, 55, 18, 20, 15
2022/6/24, 34, 9, 21, 14
2022/6/25, 21, 8, 37, 11
2022/6/26, 20, 7, 21, 10
2022/6/27, 17, 10, 16, 16
2022/6/28, 20, 15, 31, 17
2022/6/29, 35, 19, 24, 24
2022/6/30, 48, 13, 22, 14
2022/1/3, 29, 5, 23, 8
2022/1/4, 13, 3, 22, 7
2022/1/5, 9, 6, 18, 9
2022/1/6, 19, 12, 15, 14
2022/1/7, 40, 7, 24, 10
2022/1/8, 19, 5, 28, 8
2022/1/9, 11, 12, 7, 20
2022/1/10, 35, 27, 9, 21
2022/1/11, 66, 30, 4, 23
2022/1/12, 58, 39, 2, 24
2022/1/13, 76, 43, 1, 25
2022/1/14, 85, 44, 1, 20
2022/1/15, 93, 28, 9, 16
2022/1/16, 79, 21, 13, 14
2022/1/17, 56, 19, 16, 18
2022/1/18, 45, 25, 17, 17
2022/1/19, 52, 15, 24, 10
2022/1/20, 35, 11, 22, 11
2022/1/21, 24, 14, 17, 9
2022/1/22, 35, 12, 11, 14
2022/1/23, 43, 17, 5, 22
2022/1/24, 43, 27, 1, 21
2022/1/25, 64, 32, 7, 17
2022/1/26, 84, 25, 9, 16
2022/1/27, 68, 16, 17, 11
2022/1/28, 42, 13, 20, 10
2022/1/29, 36, 7, 27, 7
2022/1/30, 18, 11, 27, 9
2022/1/31, 29, 7, 25, 9
2022/2/1, 16, 7, 26, 9
2022/2/2, 18, 12, 4, 18
2022/2/3, 28, 16, 21, 12
2022/2/4, 30, 7, 25, 9
2022/2/5, 15, 7, 30, 5
2022/2/6, 18, 5, 30, 8
2022/2/7, 9, 15, 17, 13
2022/2/8, 23, 21, 5, 22
2022/2/9, 32, 29, 20, 18
2022/2/10, 48, 17, 21, 13
2022/2/11, 34, 16, 7, 23
2022/2/12, 43, 26, 18, 20
2022/2/13, 56, 27, 19, 19
2022/2/14, 45, 17, 19, 12
2022/2/15, 21, 12, 22, 9
2022/2/16, 16, 7, 33, 4
2022/2/17, 10, 14, 32, 10
2022/2/18, 29, 9, 31, 6
2022/2/19, 16, 7, 27, 3
2022/2/20, 14, 5, 30, 5
2022/2/21, 9, 7, 26, 7
2022/2/22, 16, 13, 20, 23
2022/2/23, 22, 27, 31, 15
2022/2/24, 37, 13, 25, 10
2022/2/25, 19, 11, 19, 15
2022/2/26, 25, 14, 19, 17
2022/2/27, 35, 19, 8, 27
2022/2/28, 48, 30, 11, 25
2022/3/1, 61, 35, 5, 27
2022/3/2, 69, 40, 10, 25
2022/3/3, 80, 36, 13, 27
2022/3/4, 77, 27, 15, 23
2022/3/5, 64, 20, 22, 16
2022/3/6, 58, 22, 19, 20
2022/3/7, 62, 31, 9, 29
2022/3/8, 71, 36, 8, 31
2022/3/9, 65, 39, 8, 31
2022/3/10, 77, 29, 10, 26
2022/3/11, 61, 31, 19, 23
2022/3/12, 66, 36, 20, 24
2022/3/13, 77, 28, 26, 18
2022/3/14, 62, 22, 2, 26
2022/3/15, 40, 30, 6, 19
2022/3/16, 64, 44, 13, 19
2022/3/17, 84, 36, 15, 14
2022/3/18, 84, 37, 24, 17
2022/3/19, 92, 29, 23, 18
2022/3/20, 77, 32, 12, 29
2022/3/21, 72, 37, 18, 28
2022/3/22, 74, 40, 23, 28
2022/3/23, 79, 42, 21, 32
2022/3/24, 77, 43, 24, 32
2022/3/25, 81, 48, 31, 26
2022/3/26, 93, 39, 30, 22
2022/3/27, 76, 36, 28, 27
2022/3/28, 65, 43, 20, 30
2022/3/29, 70, 47, 17, 21
2022/3/30, 77, 25, 15, 12
2022/3/31, 62, 15, 19, 11
2021/10/1, 21, 14, 30, 21
2021/10/2, 33, 12, 13, 19
2021/10/3, 32, 9, , 20
2021/10/4, 19, 13, , 15
2021/10/5, 27, 9, , 12
2021/10/6, 15, 8, , 16
2021/10/7, 15, 13, , 17
2021/10/8, 32, 19, , 18
2021/10/9, 55, 21, , 17
2021/10/10, 58, 24, , 18
2021/10/11, 62, 23, , 15
2021/10/12, 61, 11, , 14
2021/10/13, 32, 11, , 19
2021/10/14, 24, 14, , 18
2021/10/15, 33, 15, , 16
2021/10/16, 43, 19, , 10
2021/10/17, 60, 18, , 18
2021/10/18, 58, 22, , 16
2021/10/19, 56, 22, , 16
2021/10/20, 42, 14, , 9
2021/10/21, 24, 8, , 11
2021/10/22, 14, 8, , 17
2021/10/23, 19, 12, , 18
2021/10/24, 34, 17, , 21
2021/10/25, 47, 22, , 20
2021/10/26, 49, 18, , 20
2021/10/27, 39, 20, , 20
2021/10/28, 50, 26, , 20
2021/10/29, 59, 24, 1, 16
2021/10/30, 59, 17, 17, 17
2021/10/31, 49, 11, 21, 13
2021/11/1, 27, 7, 15, 17
2021/11/2, 14, 13, 5, 22
2021/11/3, 20, 15, 16, 14
2021/11/4, 20, 13, 13, 16
2021/11/5, 24, 18, 6, 16
2021/11/6, 52, 14, 20, 10
2021/11/7, 49, 13, 13, 19
2021/11/8, 29, 27, 17, 22
2021/11/9, 52, 33, 2, 21
2021/11/10, 59, 47, , 18
2021/11/11, 80, 37, , 20
2021/11/12, 85, 29, , 17
2021/11/13, 76, 22, 16, 12
2021/11/14, 64, 19, 14, 16
2021/11/15, 52, 26, 8, 14
2021/11/16, 61, 14, 3, 12
2021/11/17, 33, 14, 3, 16
2021/11/18, 33, 21, 9, 17
2021/11/19, 50, 16, 5, 15
2021/11/20, 45, 13, 7, 11
2021/11/21, 43, 13, 8, 15
2021/11/22, 45, 18, 5, 19
2021/11/23, 38, 27, 2, 19
2021/11/24, 53, 36, 4, 16
2021/11/25, 65, 38, 8, 17
2021/11/26, 81, 21, 13, 14
2021/11/27, 45, 13, 3, 19
2021/11/28, 34, 16, 16, 10
2021/11/29, 47, 10, 18, 10
2021/11/30, 23, 6, 21, 11
2021/12/1, 9, 7, 20, 13
2021/12/2, 8, 12, 15, 16
2021/12/3, 21, 18, 23, 15
2021/12/4, 29, 5, 19, 12
2021/12/5, 13, 14, 5, 21
2021/12/6, 39, 21, 11, 20
2021/12/7, 38, 20, 10, 25
2021/12/8, 34, 14, 16, 16
2021/12/9, 31, 19, 15, 21
2021/12/10, 29, 14, 14, 11
2021/12/11, 23, 12, 11, 10
2021/12/12, 32, 12, 6, 19
2021/12/13, 30, 19, 5, 14
2021/12/14, 41, 25, 6, 18
2021/12/15, 52, 27, 6, 16
2021/12/16, 53, 28, 8, 17
2021/12/17, 58, 23, 9, 15
2021/12/18, 55, 18, 9, 9
2021/12/19, 55, 18, 3, 19
2021/12/20, 49, 29, 2, 23
2021/12/21, 57, 31, 1, 22
2021/12/22, 67, 38, 10, 22
2021/12/23, 81, 23, 13, 12
2021/12/24, 48, 9, 9, 12
2021/12/25, 23, 10, 2, 12
2021/12/26, 35, 11, 15, 16
2021/12/27, 36, 7, 28, 11
2021/12/28, 17, 4, 22, 13
2021/12/29, 10, 4, 16, 11
2021/12/30, 10, 5, 7, 11
2021/12/31, 12, 19, 4, 12
2022/1/1, 59, 15, 6, 12
2022/1/2, 51, 11, 23, 11
2021/7/1, 12, 11, 36, 11
2021/7/2, 21, 14, 45, 19
2021/7/3, 37, 11, 30, 6
2021/7/4, 31, 8, 19, 12
2021/7/5, 16, 14, 23, 15
2021/7/6, 19, 12, 27, 18
2021/7/7, 17, 17, 23, 13
2021/7/8, 22, 12, 28, 9
2021/7/9, 22, 13, 36, 19
2021/7/10, 36, 9, 29, 8
2021/7/11, 23, 12, 34, 21
2021/7/12, 22, 11, 28, 14
2021/7/13, 20, 11, 22, 12
2021/7/14, 16, 10, 21, 11
2021/7/15, 12, 11, 31, 13
2021/7/16, 17, 17, 30, 7
2021/7/17, 43, 17, 33, 6
2021/7/18, 47, 14, 30, 11
2021/7/19, 29, 20, 39, 11
2021/7/20, 48, 20, 42, 18
2021/7/21, 49, 22, 50, 20
2021/7/22, 48, 23, 59, 21
2021/7/23, 52, 24, 44, 20
2021/7/24, 58, 16, 30, 10
2021/7/25, 42, 11, 32, 15
2021/7/26, 27, 12, 37, 19
2021/7/27, 24, 13, 29, 15
2021/7/28, 29, 10, 31, 11
2021/7/29, 22, 11, 36, 14
2021/7/30, 25, 12, 31, 8
2021/7/31, 26, 10, 28, 8
2021/8/1, 21, 8, 24, 14
2021/8/2, 16, 11, 26, 11
2021/8/3, 15, 9, 30, 15
2021/8/4, 14, 10, 26, 13
2021/8/5, 16, 8, 24, 9
2021/8/6, 13, 8, 25, 14
2021/8/7, 14, 7, 24, 5
2021/8/8, 13, 7, 29, 13
2021/8/9, 13, 12, 28, 14
2021/8/10, 20, 15, 35, 15
2021/8/11, 27, 16, 46, 19
2021/8/12, 34, 19, 44, 17
2021/8/13, 46, 18, 48, 16
2021/8/14, 46, 19, 39, 14
2021/8/15, 52, 16, 29, 7
2021/8/16, 42, 9, 30, 9
2021/8/17, 23, 10, 21, 8
2021/8/18, 26, 6, 23, 10
2021/8/19, 11, 8, 33, 13
2021/8/20, 15, 12, 41, 14
2021/8/21, 29, 11, 19, 9
2021/8/22, 30, 8, 27, 10
2021/8/23, 17, 10, 23, 12
2021/8/24, 22, 14, 30, 13
2021/8/25, 36, 15, 24, 14
2021/8/26, 38, 11, 22, 7
2021/8/27, 24, 7, 19, 7
2021/8/28, 19, 5, 15, 7
2021/8/29, 16, 6, 16, 8
2021/8/30, 18, 12, 23, 10
2021/8/31, 36, 14, 32, 17
2021/9/1, 40, 16, 34, 19
2021/9/2, 41, 16, 34, 19
2021/9/3, 41, 16, 41, 18
2021/9/4, 43, 16, 41, 18
2021/9/5, 44, 16, 44, 23
2021/9/6, 43, 21, 43, 24
2021/9/7, 52, 24, 42, 25
2021/9/8, 56, 22, 40, 19
2021/9/9, 53, 20, 37, 17
2021/9/10, 49, 14, 25, 12
2021/9/11, 38, 9, 34, 12
2021/9/12, 23, 10, 36, 20
2021/9/13, 25, 17, 40, 21
2021/9/14, 37, 20, 20, 18
2021/9/15, 46, 12, 19, 13
2021/9/16, 26, 15, 27, 19
2021/9/17, 33, 16, 34, 17
2021/9/18, 37, 12, 27, 10
2021/9/19, 39, 11, 13, 12
2021/9/20, 30, 15, 28, 15
2021/9/21, 41, 16, 27, 20
2021/9/22, 45, 15, 30, 19
2021/9/23, 37, 14, 34, 19
2021/9/24, 29, 16, 35, 22
2021/9/25, 38, 17, 26, 15
2021/9/26, 47, 15, 32, 19
2021/9/27, 40, 13, 29, 18
2021/9/28, 25, 13, 27, 13
2021/9/29, 27, 8, 27, 17
2021/9/30, 12, 11, 28, 22
2021/4/1, 58, 30, 34, 6
2021/4/2, 59, 13, 36, 7
2021/4/3, 36, 15, 38, 13
2021/4/4, 33, 16, 37, 7
2021/4/5, 42, 12, 33, 8
2021/4/6, 25, 9, 32, 7
2021/4/7, 19, 11, 36, 14
2021/4/8, 26, 23, 36, 24
2021/4/9, 47, 19, 40, 14
2021/4/10, 32, 15, 37, 11
2021/4/11, 25, 10, 31, 12
2021/4/12, 23, 19, 37, 18
2021/4/13, 36, 21, 35, 20
2021/4/14, 42, 20, 38, 20
2021/4/15, 43, 19, 30, 19
2021/4/16, 38, 16, 36, 12
2021/4/17, 41, 13, 31, 8
2021/4/18, 37, 21, 17, 19
2021/4/19, 57, 33, 39, 21
2021/4/20, 71, 33, 48, 21
2021/4/21, 63, 25, 38, 13
2021/4/22, 57, 20, 40, 20
2021/4/23, 42, 23, 47, 16
2021/4/24, 47, 18, 43, 7
2021/4/25, 43, 17, 43, 17
2021/4/26, 38, 24, 48, 20
2021/4/27, 44, 31, 55, 26
2021/4/28, 54, 24, 40, 11
2021/4/29, 42, 20, 29, 17
2021/4/30, 43, 23, 29, 8
2021/5/1, 67, 22, 43, 6
2021/5/2, 69, 17, 43, 18
2021/5/3, 44, 21, 45, 15
2021/5/4, 35, 11, 34, 9
2021/5/5, 17, 9, 29, 17
2021/5/6, 14, 9, 35, 11
2021/5/7, 16, 12, 41, 18
2021/5/8, 27, 11, 42, 16
2021/5/9, 23, 15, 34, 14
2021/5/10, 23, 12, 26, 13
2021/5/11, 22, 11, 25, 14
2021/5/12, 22, 17, 35, 7
2021/5/13, 26, 9, 34, 11
2021/5/14, 13, 7, 36, 7
2021/5/15, 10, 5, 35, 3
2021/5/16, 8, 6, 28, 7
2021/5/17, 8, 7, 29, 12
2021/5/18, 8, 9, 31, 11
2021/5/19, 13, 9, 32, 13
2021/5/20, 12, 11, 35, 15
2021/5/21, 14, 8, 34, 5
2021/5/22, 10, 4, 31, 5
2021/5/23, 8, 6, 26, 11
2021/5/24, 13, 7, 30, 7
2021/5/25, 11, 7, 29, 10
2021/5/26, 11, 7, 33, 10
2021/5/27, 11, 9, 32, 14
2021/5/28, 19, 10, 36, 12
2021/5/29, 22, 9, 37, 11
2021/5/30, 21, 12, 43, 21
2021/5/31, 24, 16, 47, 24
2021/6/1, 29, 20, 52, 26
2021/6/2, 35, 18, 32, 14
2021/6/3, 36, 15, 22, 19
2021/6/4, 32, 17, 28, 12
2021/6/5, 32, 10, 23, 5
2021/6/6, 27, 18, 16, 9
2021/6/7, 57, 24, 33, 14
2021/6/8, 65, 33, 34, 20
2021/6/9, 70, 25, 45, 20
2021/6/10, 55, 20, 50, 20
2021/6/11, 50, 27, 34, 12
2021/6/12, 53, 14, 39, 8
2021/6/13, 31, 12, 40, 20
2021/6/14, 27, 16, 49, 23
2021/6/15, 31, 19, 62, 30
2021/6/16, 34, 21, 76, 32
2021/6/17, 41, 25, 60, 32
2021/6/18, 52, 27, 51, 15
2021/6/19, 53, 37, 35, 13
2021/6/20, 61, 29, 36, 13
2021/6/21, 47, 17, 32, 14
2021/6/22, 29, 17, 34, 16
2021/6/23, 27, 14, 31, 15
2021/6/24, 26, 12, 27, 12
2021/6/25, 20, 17, 38, 14
2021/6/26, 39, 15, 40, 16
2021/6/27, 43, 12, 44, 15
2021/6/28, 28, 13, 32, 17
2021/6/29, 26, 17, 25, 10
2021/6/30, 18, 11, 20, 8
2021/1/4, 70, 30, 8, 10
2021/1/5, 68, 14, 2, 9
2021/1/6, 51, 11, 7, 12
2021/1/7, 33, 12, 15, 11
2021/1/8, 36, 16, 13, 13
2021/1/9, 47, 23, 10, 13
2021/1/10, 62, 29, 7, 19
2021/1/11, 67, 30, 22, 12
2021/1/12, 62, 11, 24, 16
2021/1/13, 22, 14, 16, 16
2021/1/14, 25, 23, 15, 16
2021/1/15, 44, 24, 16, 12
2021/1/16, 58, 27, 12, 16
2021/1/17, 66, 21, 25, 14
2021/1/18, 51, 17, 29, 16
2021/1/19, 29, 26, 19, 28
2021/1/20, 36, 42, 31, 18
2021/1/21, 53, 20, 33, 11
2021/1/22, 21, 13, 23, 12
2021/1/23, 21, 9, 29, 7
2021/1/24, 19, 21, 18, 18
2021/1/25, 36, 15, 27, 9
2021/1/26, 32, 19, 18, 20
2021/1/27, 31, 15, 29, 12
2021/1/28, 27, 4, 32, 8
2021/1/29, 9, 4, 29, 12
2021/1/30, 10, 8, 14, 9
2021/1/31, 27, 12, 20, 19
2021/2/1, 43, 7, 19, 15
2021/2/2, 17, 6, 32, 14
2021/2/3, 12, 8, 26, 20
2021/2/4, 12, 20, 3, 22
2021/2/5, 39, 22, 1, 14
2021/2/6, 58, 30, 23, 7
2021/2/7, 70, 15, 11, 14
2021/2/8, 44, 33, 13, 17
2021/2/9, 86, 42, 28, 16
2021/2/10, 103, 28, 27, 26
2021/2/11, 70, 25, 29, 26
2021/2/12, 60, 41, 34, 17
2021/2/13, 57, 52, 32, 19
2021/2/14, 56, 74, 14, 29
2021/2/15, 71, 62, 11, 26
2021/2/16, 79, 27, 28, 17
2021/2/17, 42, 32, 23, 24
2021/2/18, 45, 42, 24, 22
2021/2/19, 45, 32, 21, 19
2021/2/20, 50, 39, 29, 18
2021/2/21, 60, 43, 8, 20
2021/2/22, 63, 57, 16, 22
2021/2/23, 75, 65, 14, 23
2021/2/24, 86, 79, 16, 23
2021/2/25, 103, 83, 20, 17
2021/2/26, 107, 36, 31, 15
2021/2/27, 60, 17, 28, 13
2021/2/28, 49, 30, 29, 25
2021/3/1, 58, 38, 22, 26
2021/3/2, 62, 50, 4, 27
2021/3/3, 78, 60, 32, 19
2021/3/4, 91, 29, 19, 16
2021/3/5, 56, 19, 32, 18
2021/3/6, 44, 19, 25, 18
2021/3/7, 52, 29, 30, 24
2021/3/8, 67, 31, 23, 21
2021/3/9, 62, 30, 29, 18
2021/3/10, 68, 23, 33, 8
2021/3/11, 48, 10, 33, 8
2021/3/12, 13, 7, 36, 5
2021/3/13, 10, 3, 32, 6
2021/3/14, 7, 6, 27, 12
2021/3/15, 15, 9, 27, 10
2021/3/16, 19, 11, 22, 16
2021/3/17, 25, 16, 29, 18
2021/3/18, 32, 25, 24, 21
2021/3/19, 48, 19, 30, 14
2021/3/20, 43, 14, 26, 7
2021/3/21, 32, 19, 26, 13
2021/3/22, 46, 25, 28, 19
2021/3/23, 51, 33, 24, 25
2021/3/24, 65, 39, 34, 23
2021/3/25, 66, 31, 41, 22
2021/3/26, 60, 19, 36, 6
2021/3/27, 36, 8, 39, 11
2021/3/28, 16, 19, 38, 27
2021/3/29, 32, 31, 47, 32
2021/3/30, 46, 37, 45, 32
2021/3/31, 54, 40, 43, 24
2020/10/1, 47, 15, 21, 21
2020/10/2, 31, 13, 26, 12
2020/10/3, 29, 5, 31, 11
2020/10/4, 12, 7, 24, 11
2020/10/5, 11, 8, 22, 14
2020/10/6, 11, 7, 22, 10
2020/10/7, 12, 8, 24, 11
2020/10/8, 14, 10, 22, 14
2020/10/9, 18, 9, 20, 12
2020/10/10, 21, 7, 15, 11
2020/10/11, 21, 11, 19, 17
2020/10/12, 27, 19, 19, 20
2020/10/13, 36, 22, 11, 16
2020/10/14, 47, 13, 10, 12
2020/10/15, 32, 7, 9, 13
2020/10/16, 15, 9, 12, 13
2020/10/17, 24, 16, 15, 11
2020/10/18, 51, 22, 24, 20
2020/10/19, 58, 29, 6, 20
2020/10/20, 56, 35, 2, 20
2020/10/21, 58, 39, 18, 23
2020/10/22, 55, 29, 10, 18
2020/10/23, 48, 11, 26, 12
2020/10/24, 24, 12, 23, 13
2020/10/25, 27, 9, 18, 15
2020/10/26, 20, 11, 21, 16
2020/10/27, 20, 13, 20, 14
2020/10/28, 18, 10, 21, 13
2020/10/29, 15, 10, 24, 15
2020/10/30, 16, 14, 17, 17
2020/10/31, 28, 17, 19, 12
2020/11/1, 45, 10, 18, 13
2020/11/2, 18, 16, 23, 17
2020/11/3, 20, 15, 19, 15
2020/11/4, 25, 19, 10, 18
2020/11/5, 38, 25, 7, 18
2020/11/6, 54, 21, 5, 13
2020/11/7, 51, 20, 5, 12
2020/11/8, 54, 32, 4, 18
2020/11/9, 65, 38, 1, 13
2020/11/10, 68, 30, 2, 16
2020/11/11, 64, 28, 6, 18
2020/11/12, 59, 24, 12, 18
2020/11/13, 49, 23, 17, 18
2020/11/14, 47, 22, 18, 15
2020/11/15, 54, 13, 23, 13
2020/11/16, 28, 13, 22, 19
2020/11/17, 19, 26, 4, 21
2020/11/18, 45, 31, 27, 15
2020/11/19, 53, 15, 17, 17
2020/11/20, 29, 23, 11, 20
2020/11/21, 53, 27, 11, 18
2020/11/22, 68, 26, 1, 23
2020/11/23, 66, 37, 5, 20
2020/11/24, 68, 45, 2, 18
2020/11/25, 75, 41, 3, 21
2020/11/26, 73, 43, 4, 23
2020/11/27, 72, 39, 6, 17
2020/11/28, 73, 22, 20, 13
2020/11/29, 64, 33, 6, 23
2020/11/30, 78, 41, 2, 22
2020/12/1, 81, 25, 12, 19
2020/12/2, 59, 46, 9, 19
2020/12/3, 76, 58, 3, 21
2020/12/4, 75, 42, 2, 19
2020/12/5, 73, 19, 12, 14
2020/12/6, 59, 19, 14, 19
2020/12/7, 42, 31, 7, 19
2020/12/8, 56, 36, 9, 17
2020/12/9, 78, 29, 9, 19
2020/12/10, 70, 45, 10, 21
2020/12/11, 69, 34, 8, 17
2020/12/12, 54, 9, 14, 10
2020/12/13, 24, 16, 4, 19
2020/12/14, 32, 33, , 20
2020/12/15, 56, 27, 5, 17
2020/12/16, 57, 35, 1, 18
2020/12/17, 58, 49, 2, 16
2020/12/18, 63, 35, 3, 16
2020/12/19, 62, 22, 2, 15
2020/12/20, 53, 22, 14, 16
2020/12/21, 55, 13, 17, 7
2020/12/22, 28, 5, 26, 11
2020/12/23, 8, 5, 26, 5
2020/12/24, 8, 4, 21, 6
2020/12/25, 10, 10, 16, 12
2020/12/26, 33, 12, 28, 11
2020/12/27, 35, 9, 27, 16
2020/12/28, 20, 6, 25, 11
2020/12/29, 12, 7, 18, 14
2020/12/30, 16, 7, 15, 14
2020/12/31, 21, 10, 15, 10
2021/1/1, 36, 14, 13, 11
2021/1/2, 51, 15, 14, 8
2021/1/3, 56, 24, 15, 13
2020/7/1, 22, 11, 26, 11
2020/7/2, 19, 9, 31, 10
2020/7/3, 15, 9, 36, 13
2020/7/4, 19, 8, 27, 4
2020/7/5, 17, 7, 28, 7
2020/7/6, 13, 13, 39, 18
2020/7/7, 22, 15, 36, 17
2020/7/8, 24, 16, 31, 17
2020/7/9, 26, 20, 31, 12
2020/7/10, 27, 12, 38, 8
2020/7/11, 18, 8, 40, 13
2020/7/12, 19, 10, 42, 22
2020/7/13, 21, 15, 53, 24
2020/7/14, 28, 15, 36, 17
2020/7/15, 31, 10, 19, 13
2020/7/16, 23, 7, 34, 9
2020/7/17, 18, 9, 41, 12
2020/7/18, 23, 12, 46, 13
2020/7/19, 34, 18, 59, 31
2020/7/20, 41, 20, 44, 11
2020/7/21, 42, 18, 58, 22
2020/7/22, 30, 20, 54, 20
2020/7/23, 34, 21, 43, 21
2020/7/24, 39, 19, 35, 15
2020/7/25, 43, 12, 25, 9
2020/7/26, 24, 8, 36, 17
2020/7/27, 15, 15, 30, 13
2020/7/28, 22, 16, 42, 18
2020/7/29, 23, 17, 61, 29
2020/7/30, 26, 20, 71, 31
2020/7/31, 32, 23, 73, 19
2020/8/1, 45, 22, 39, 10
2020/8/2, 50, 14, 29, 12
2020/8/3, 40, 12, 31, 14
2020/8/4, 28, 13, 42, 17
2020/8/5, 27, 14, 46, 22
2020/8/6, 31, 16, 51, 23
2020/8/7, 36, 21, 62, 21
2020/8/8, 54, 22, 64, 19
2020/8/9, 57, 27, 68, 28
2020/8/10, 64, 30, 71, 26
2020/8/11, 66, 29, 64, 25
2020/8/12, 62, 29, 30, 22
2020/8/13, 62, 20, 44, 15
2020/8/14, 46, 12, 52, 15
2020/8/15, 30, 12, 52, 13
2020/8/16, 35, 11, 38, 17
2020/8/17, 27, 12, 38, 13
2020/8/18, 22, 11, 39, 18
2020/8/19, 17, 13, 45, 22
2020/8/20, 22, 15, 47, 18
2020/8/21, 29, 13, 30, 10
2020/8/22, 26, 7, 35, 6
2020/8/23, 17, 7, 35, 13
2020/8/24, 14, 12, 32, 19
2020/8/25, 19, 12, 34, 7
2020/8/26, 17, 15, 38, 18
2020/8/27, 22, 16, 20, 18
2020/8/28, 29, 8, 20, 9
2020/8/29, 15, 6, 16, 8
2020/8/30, 16, 8, 21, 14
2020/8/31, 17, 11, 25, 14
2020/9/1, 24, 14, 34, 17
2020/9/2, 31, 14, 40, 17
2020/9/3, 30, 13, 41, 23
2020/9/4, 26, 18, 37, 13
2020/9/5, 36, 10, 34, 6
2020/9/6, 26, 9, 35, 17
2020/9/7, 22, 14, 49, 25
2020/9/8, 27, 18, 49, 24
2020/9/9, 40, 20, 22, 19
2020/9/10, 39, 17, 35, 21
2020/9/11, 36, 18, 46, 20
2020/9/12, 45, 18, 55, 20
2020/9/13, 50, 20, 45, 28
2020/9/14, 53, 26, 69, 29
2020/9/15, 60, 31, 51, 35
2020/9/16, 63, 34, 34, 20
2020/9/17, 69, 23, 42, 24
2020/9/18, 51, 19, 40, 23
2020/9/19, 40, 20, 43, 19
2020/9/20, 50, 19, 48, 27
2020/9/21, 47, 27, 58, 33
2020/9/22, 57, 26, 34, 22
2020/9/23, 51, 17, 29, 18
2020/9/24, 36, 9, 26, 13
2020/9/25, 17, 5, 22, 4
2020/9/26, 9, 2, 24, 8
2020/9/27, 5, 7, 23, 17
2020/9/28, 15, 11, 9, 18
2020/9/29, 20, 16, 27, 21
2020/9/30, 35, 20, 24, 18
2020/4/1, 50, 31, 34, 22
2020/4/2, 65, 34, 35, 15
2020/4/3, 73, 22, 40, 17
2020/4/4, 56, 21, 44, 15
2020/4/5, 57, 28, 50, 27
2020/4/6, 59, 40, 59, 29
2020/4/7, 65, 37, 51, 26
2020/4/8, 64, 40, 61, 27
2020/4/9, 69, 34, 57, 14
2020/4/10, 71, 23, 45, 15
2020/4/11, 55, 17, 48, 11
2020/4/12, 40, 16, 42, 7
2020/4/13, 46, 16, 39, 14
2020/4/14, 40, 19, 39, 24
2020/4/15, 36, 30, 47, 26
2020/4/16, 51, 36, 47, 24
2020/4/17, 59, 36, 44, 15
2020/4/18, 58, 23, 41, 8
2020/4/19, 49, 22, 42, 18
2020/4/20, 46, 29, 47, 20
2020/4/21, 38, 26, 48, 23
2020/4/22, 39, 24, 55, 24
2020/4/23, 43, 28, 63, 20
2020/4/24, 53, 27, 47, 9
2020/4/25, 55, 16, 50, 11
2020/4/26, 38, 18, 44, 19
2020/4/27, 34, 22, 29, 18
2020/4/28, 39, 14, 34, 11
2020/4/29, 25, 10, 31, 12
2020/4/30, 14, 7, 35, 3
2020/5/1, 10, 5, 35, 5
2020/5/2, 10, 7, 45, 9
2020/5/3, 17, 12, 25, 17
2020/5/4, 26, 16, 38, 14
2020/5/5, 37, 15, 39, 20
2020/5/6, 30, 17, 48, 26
2020/5/7, 30, 24, 59, 25
2020/5/8, 39, 26, 45, 17
2020/5/9, 49, 20, 39, 11
2020/5/10, 51, 15, 21, 10
2020/5/11, 33, 9, 31, 15
2020/5/12, 18, 19, 26, 22
2020/5/13, 35, 21, 28, 20
2020/5/14, 56, 25, 42, 17
2020/5/15, 61, 25, 49, 17
2020/5/16, 56, 19, 52, 12
2020/5/17, 51, 21, 48, 22
2020/5/18, 46, 25, 49, 21
2020/5/19, 43, 21, 43, 25
2020/5/20, 35, 22, 47, 13
2020/5/21, 48, 24, 44, 22
2020/5/22, 52, 25, 25, 10
2020/5/23, 47, 9, 33, 4
2020/5/24, 18, 10, 33, 9
2020/5/25, 21, 16, 35, 17
2020/5/26, 35, 17, 42, 21
2020/5/27, 32, 17, 40, 19
2020/5/28, 32, 15, 41, 22
2020/5/29, 26, 15, 37, 14
2020/5/30, 28, 9, 40, 8
2020/5/31, 17, 10, 45, 11
2020/6/1, 16, 19, 46, 23
2020/6/2, 34, 26, 47, 26
2020/6/3, 42, 22, 34, 16
2020/6/4, 37, 14, 25, 9
2020/6/5, 26, 9, 18, 11
2020/6/6, 14, 6, 26, 7
2020/6/7, 11, 12, 33, 17
2020/6/8, 19, 14, 22, 17
2020/6/9, 27, 17, 24, 16
2020/6/10, 48, 16, 30, 10
2020/6/11, 46, 17, 46, 22
2020/6/12, 35, 17, 41, 11
2020/6/13, 27, 10, 30, 5
2020/6/14, 17, 10, 21, 14
2020/6/15, 19, 17, 30, 21
2020/6/16, 35, 23, 31, 17
2020/6/17, 41, 19, 31, 15
2020/6/18, 28, 21, 27, 15
2020/6/19, 21, 15, 36, 12
2020/6/20, 21, 13, 40, 9
2020/6/21, 24, 12, 37, 11
2020/6/22, 20, 14, 44, 18
2020/6/23, 23, 18, 49, 27
2020/6/24, 33, 19, 42, 22
2020/6/25, 29, 18, 58, 24
2020/6/26, 33, 22, 39, 15
2020/6/27, 50, 21, 25, 9
2020/6/28, 47, 10, 24, 10
2020/6/29, 19, 9, 30, 11
2020/6/30, 13, 13, 33, 16
2020/1/1, 168, 47, 1, 20
2020/1/2, 122, 28, 22, 16
2020/1/3, 78, 10, 28, 7
2020/1/4, 29, 8, 24, 15
2020/1/5, 27, 15, 4, 18
2020/1/6, 55, 24, 5, 24
2020/1/7, 66, 22, 1, 25
2020/1/8, 57, 22, 11, 24
2020/1/9, 55, 17, 26, 16
2020/1/10, 29, 10, 17, 19
2020/1/11, 24, 21, 8, 17
2020/1/12, 56, 18, 5, 23
2020/1/13, 54, 22, 11, 27
2020/1/14, 53, 26, 15, 30
2020/1/15, 49, 31, 17, 34
2020/1/16, 50, 31, 17, 26
2020/1/17, 56, 15, 23, 13
2020/1/18, 33, 9, 17, 14
2020/1/19, 26, 17, 18, 26
2020/1/20, 47, 27, 7, 24
2020/1/21, 58, 36, 3, 22
2020/1/22, 84, 42, 5, 23
2020/1/23, 96, 42, 2, 25
2020/1/24, 87, 52, 1, 27
2020/1/25, 104, 46, 2, 20
2020/1/26, 103, 41, 24, 22
2020/1/27, 86, 22, 31, 12
2020/1/28, 34, 7, 27, 15
2020/1/29, 12, 12, 22, 22
2020/1/30, 19, 13, 20, 14
2020/1/31, 17, 9, 29, 13
2020/2/1, 12, 5, 30, 7
2020/2/2, 9, 4, 28, 17
2020/2/3, 8, 10, 27, 7
2020/2/4, 18, 7, 23, 15
2020/2/5, 18, 21, 11, 29
2020/2/6, 45, 34, 13, 29
2020/2/7, 62, 36, 6, 27
2020/2/8, 79, 31, 1, 14
2020/2/9, 73, 10, , 4
2020/2/10, 21, 6, , 7
2020/2/11, 13, 7, , 11
2020/2/12, 14, 14, , 21
2020/2/13, 23, 12, , 15
2020/2/14, 19, 12, , 24
2020/2/15, 27, 16, , 20
2020/2/16, 33, 12, , 24
2020/2/17, 19, 8, , 13
2020/2/18, 13, 9, , 11
2020/2/19, 15, 12, , 20
2020/2/20, 20, 11, , 14
2020/2/21, 19, 10, , 17
2020/2/22, 20, 7, , 3
2020/2/23, 17, 6, 18, 17
2020/2/24, 13, 13, 31, 14
2020/2/25, 23, 7, 31, 10
2020/2/26, 13, 11, 27, 19
2020/2/27, 16, 11, 30, 18
2020/2/28, 19, 18, 32, 17
2020/2/29, 32, 13, 35, 9
2020/3/1, 22, 9, 25, 27
2020/3/2, 13, 9, 23, 22
2020/3/3, 19, 13, 27, 23
2020/3/4, 23, 22, 29, 29
2020/3/5, 39, 8, 26, 10
2020/3/6, 15, 7, 30, 10
2020/3/7, 23, 11, 32, 12
2020/3/8, 33, 7, 29, 14
2020/3/9, 19, 7, 24, 13
2020/3/10, 15, 4, 28, 7
2020/3/11, 7, 10, 32, 12
2020/3/12, 12, 7, 32, 10
2020/3/13, 14, 15, 30, 21
2020/3/14, 31, 17, 35, 19
2020/3/15, 42, 21, 29, 26
2020/3/16, 43, 27, 27, 22
2020/3/17, 49, 29, 29, 22
2020/3/18, 60, 34, 34, 23
2020/3/19, 72, 38, 32, 17
2020/3/20, 77, 28, 24, 9
2020/3/21, 74, 8, 35, 5
2020/3/22, 30, 10, 34, 17
2020/3/23, 28, 17, 36, 19
2020/3/24, 41, 26, 40, 19
2020/3/25, 62, 23, 33, 17
2020/3/26, 58, 29, 33, 21
2020/3/27, 63, 49, 41, 17
2020/3/28, 78, 40, 33, 5
2020/3/29, 75, 11, 34, 13
2020/3/30, 30, 16, 36, 20
2020/3/31, 30, 22, 37, 20
2019/10/1, 21, 11, 21, 15
2019/10/2, 17, 7, 23, 13
2019/10/3, 14, 12, 15, 20
2019/10/4, 25, 10, 16, 16
2019/10/5, 20, 9, 10, 16
2019/10/6, 24, 14, 17, 20
2019/10/7, 34, 23, 16, 17
2019/10/8, 34, 14, 19, 17
2019/10/9, 19, 11, 20, 18
2019/10/10, 14, 15, 22, 24
2019/10/11, 22, 20, 21, 27
2019/10/12, 32, 19, 23, 27
2019/10/13, 38, 28, 24, 32
2019/10/14, 48, 34, 19, 23
2019/10/15, 52, 19, 24, 22
2019/10/16, 27, 20, 25, 26
2019/10/17, 28, 20, 17, 25
2019/10/18, 30, 14, 17, 24
2019/10/19, 23, 13, 11, 18
2019/10/20, 34, 25, 9, 20
2019/10/21, 51, 26, 11, 24
2019/10/22, 47, 33, 5, 19
2019/10/23, 60, 24, 6, 21
2019/10/24, 45, 22, 19, 24
2019/10/25, 37, 20, 12, 22
2019/10/26, 38, 17, 22, 15
2019/10/27, 40, 17, 20, 21
2019/10/28, 37, 26, 10, 20
2019/10/29, 50, 29, 18, 23
2019/10/30, 61, 28, 14, 25
2019/10/31, 63, 22, 10, 15
2019/11/1, 57, 8, 23, 12
2019/11/2, 18, 7, 19, 15
2019/11/3, 13, 8, 22, 18
2019/11/4, 12, 18, 20, 28
2019/11/5, 21, 21, 17, 22
2019/11/6, 27, 17, 16, 23
2019/11/7, 25, 14, 17, 22
2019/11/8, 25, 7, 21, 20
2019/11/9, 19, 18, 6, 17
2019/11/10, 47, 22, 6, 19
2019/11/11, 58, 23, 22, 26
2019/11/12, 46, 16, 24, 22
2019/11/13, 26, 20, 13, 31
2019/11/14, 37, 31, 2, 23
2019/11/15, 61, 33, 2, 23
2019/11/16, 74, 26, 3, 16
2019/11/17, 71, 13, 18, 17
2019/11/18, 40, 19, 13, 23
2019/11/19, 29, 23, 6, 22
2019/11/20, 51, 32, 5, 26
2019/11/21, 68, 38, 2, 23
2019/11/22, 77, 29, 1, 24
2019/11/23, 64, 33, 1, 20
2019/11/24, 72, 35, 1, 21
2019/11/25, 88, 31, 2, 24
2019/11/26, 72, 29, 21, 20
2019/11/27, 62, 8, 23, 16
2019/11/28, 12, 6, 19, 18
2019/11/29, 11, 13, 16, 27
2019/11/30, 29, 18, 11, 21
2019/12/1, 49, 17, 14, 26
2019/12/2, 52, 27, 9, 38
2019/12/3, 57, 35, 5, 30
2019/12/4, 68, 37, 3, 32
2019/12/5, 82, 46, 3, 33
2019/12/6, 88, 29, 22, 18
2019/12/7, 52, 7, 26, 11
2019/12/8, 18, 5, 29, 15
2019/12/9, 10, 16, 21, 25
2019/12/10, 27, 36, 7, 31
2019/12/11, 57, 16, 17, 23
2019/12/12, 34, 14, 24, 20
2019/12/13, 24, 6, 33, 13
2019/12/14, 14, 6, 30, 17
2019/12/15, 16, 17, 6, 29
2019/12/16, 30, 44, 1, 27
2019/12/17, 56, 44, , 26
2019/12/18, 63, 38, 2, 25
2019/12/19, 63, 36, 12, 27
2019/12/20, 62, 14, 20, 24
2019/12/21, 32, 10, 25, 14
2019/12/22, 23, 4, 26, 12
2019/12/23, 10, 4, 25, 14
2019/12/24, 12, 5, 26, 7
2019/12/25, 13, 6, 8, 16
2019/12/26, 21, 10, 11, 18
2019/12/27, 35, 13, 15, 19
2019/12/28, 47, 18, , 21
2019/12/29, 60, , , 
2019/7/1, 59, 23, 49, 21
2019/7/2, 42, 17, 45, 21
2019/7/3, 31, 17, 51, 25
2019/7/4, 27, 22, 51, 29
2019/7/5, 36, 21, 47, 25
2019/7/6, 37, 16, 34, 10
2019/7/7, 33, 17, 38, 16
2019/7/8, 41, 17, 34, 18
2019/7/9, 34, 17, 43, 28
2019/7/10, 25, 19, 26, 34
2019/7/11, 31, 21, 29, 24
2019/7/12, 35, 15, 31, 12
2019/7/13, 34, 13, 28, 11
2019/7/14, 36, 10, 34, 13
2019/7/15, 26, 17, 40, 20
2019/7/16, 46, 20, 49, 26
2019/7/17, 52, 23, 49, 30
2019/7/18, 52, 23, 40, 28
2019/7/19, 48, 26, 43, 24
2019/7/20, 51, 17, 31, 14
2019/7/21, 37, 15, 45, 27
2019/7/22, 31, 23, 59, 46
2019/7/23, 42, 30, 79, 47
2019/7/24, 49, 31, 76, 59
2019/7/25, 58, 37, 83, 49
2019/7/26, 66, 27, 47, 23
2019/7/27, 57, 17, 28, 10
2019/7/28, 40, 12, 40, 18
2019/7/29, 29, 22, 48, 30
2019/7/30, 45, 19, 31, 19
2019/7/31, 35, 18, 40, 28
2019/8/1, 28, 23, 42, 30
2019/8/2, 36, 22, 41, 19
2019/8/3, 38, 19, 54, 22
2019/8/4, 48, 21, 43, 36
2019/8/5, 46, 28, 41, 29
2019/8/6, 52, 20, 18, 28
2019/8/7, 39, 21, 37, 24
2019/8/8, 29, 24, 36, 27
2019/8/9, 37, 15, 31, 15
2019/8/10, 28, 14, 35, 13
2019/8/11, 26, 12, 28, 22
2019/8/12, 24, 14, 31, 15
2019/8/13, 20, 13, 29, 23
2019/8/14, 23, 20, 24, 21
2019/8/15, 31, 17, 29, 18
2019/8/16, 25, 22, 26, 21
2019/8/17, 35, 14, 33, 12
2019/8/18, 26, 12, 29, 17
2019/8/19, 21, 13, 16, 18
2019/8/20, 22, 16, 35, 22
2019/8/21, 27, 21, 40, 27
2019/8/22, 35, 22, 43, 28
2019/8/23, 43, 29, 41, 23
2019/8/24, 57, 31, 48, 21
2019/8/25, 68, 31, 47, 28
2019/8/26, 66, 31, 55, 35
2019/8/27, 67, 30, 57, 35
2019/8/28, 62, 33, 35, 33
2019/8/29, 62, 33, 55, 31
2019/8/30, 60, 32, 51, 33
2019/8/31, 64, 22, 34, 11
2019/9/1, 50, 11, 35, 19
2019/9/2, 24, 17, 46, 33
2019/9/3, 28, 22, 46, 30
2019/9/4, 35, 18, 27, 18
2019/9/5, 30, 13, 29, 22
2019/9/6, 22, 15, 30, 18
2019/9/7, 24, 10, 19, 12
2019/9/8, 19, 10, 22, 17
2019/9/9, 28, 22, 29, 24
2019/9/10, 47, 24, 34, 24
2019/9/11, 46, 17, 28, 24
2019/9/12, 34, 18, 22, 21
2019/9/13, 28, 16, 25, 19
2019/9/14, 29, 15, 38, 20
2019/9/15, 37, 23, 37, 28
2019/9/16, 45, 23, 24, 17
2019/9/17, 44, 16, 28, 23
2019/9/18, 31, 18, 29, 27
2019/9/19, 27, 19, 28, 30
2019/9/20, 29, 23, 28, 30
2019/9/21, 40, 22, 28, 26
2019/9/22, 45, 16, 22, 24
2019/9/23, 35, 21, 16, 26
2019/9/24, 29, 18, 18, 18
2019/9/25, 26, 12, 16, 17
2019/9/26, 18, 11, 19, 22
2019/9/27, 19, 10, 24, 14
2019/9/28, 20, 8, 31, 13
2019/9/29, 16, 8, 26, 13
2019/9/30, 13, 13, 19, 22
2019/4/1, 80, 48, 54, 33
2019/4/2, 90, 27, 38, 22
2019/4/3, 50, 15, 30, 19
2019/4/4, 26, 18, 22, 30
2019/4/5, 37, 35, 33, 32
2019/4/6, 64, 39, 2, 
2019/4/7, 72, , , 
2019/4/18, 60, 30, 59, 29
2019/4/19, 50, 23, 59, 31
2019/4/20, 46, 25, 62, 31
2019/4/21, 52, 20, 60, 31
2019/4/22, 43, 27, 41, 34
2019/4/23, 44, 37, 46, 28
2019/4/24, 53, 26, 42, 28
2019/4/25, 29, 14, 36, 20
2019/4/26, 16, 9, 34, 13
2019/4/27, 16, 7, 36, 15
2019/4/28, 13, 11, 29, 18
2019/4/29, 19, 20, 36, 24
2019/4/30, 49, 36, 54, 23
2019/5/1, 72, 27, 44, 24
2019/5/2, 59, 23, 30, 17
2019/5/3, 58, 15, 25, 14
2019/5/4, 33, 10, 34, 12
2019/5/5, 28, 13, 35, 21
2019/5/6, 32, 23, 39, 29
2019/5/7, 51, 24, 35, 32
2019/5/8, 50, 16, 32, 18
2019/5/9, 23, 11, 32, 22
2019/5/10, 15, 13, 33, 16
2019/5/11, 22, 9, 35, 8
2019/5/12, 26, 11, 41, 23
2019/5/13, 24, 15, 37, 24
2019/5/14, 23, 14, 34, 22
2019/5/15, 22, 18, 31, 26
2019/5/16, 28, 25, 35, 28
2019/5/17, 49, 20, 36, 25
2019/5/18, 44, 14, 39, 14
2019/5/19, 39, 16, 25, 20
2019/5/20, 43, 18, 26, 13
2019/5/21, 57, 13, 32, 17
2019/5/22, 42, 20, 42, 28
2019/5/23, 50, 22, 47, 32
2019/5/24, 45, 25, 43, 27
2019/5/25, 54, 19, 39, 17
2019/5/26, 50, 16, 26, 20
2019/5/27, 36, 11, 28, 17
2019/5/28, 23, 11, 28, 18
2019/5/29, 26, 16, 41, 18
2019/5/30, 33, 14, 30, 24
2019/5/31, 27, 15, 42, 24
2019/6/1, 26, 15, 45, 26
2019/6/2, 34, 23, 40, 32
2019/6/3, 35, 25, 50, 32
2019/6/4, 41, 29, 53, 36
2019/6/5, 47, 23, 36, 17
2019/6/6, 36, 15, 42, 24
2019/6/7, 32, 13, 36, 11
2019/6/8, 23, 11, 37, 19
2019/6/9, 24, 12, 27, 15
2019/6/10, 25, 16, 25, 20
2019/6/11, 30, 20, 29, 24
2019/6/12, 33, 17, 39, 25
2019/6/13, 27, 24, 38, 30
2019/6/14, 36, 20, 38, 18
2019/6/15, 36, 11, 36, 12
2019/6/16, 24, 17, 44, 29
2019/6/17, 36, 21, 54, 30
2019/6/18, 47, 22, 49, 34
2019/6/19, 48, 18, 31, 15
2019/6/20, 37, 10, 38, 17
2019/6/21, 20, 14, 26, 18
2019/6/22, 35, 16, 37, 17
2019/6/23, 40, 23, 46, 27
2019/6/24, 47, 28, 64, 38
2019/6/25, 50, 34, 80, 38
2019/6/26, 63, 41, 57, 25
2019/6/27, 74, 25, 44, 28
2019/6/28, 47, 22, 62, 33
2019/6/29, 36, 21, 63, 26
2019/6/30, 44, 31, 45, 23
2019/1/1, 135, 15, 27, 11
2019/1/2, 41, 14, 13, 29
2019/1/3, 33, 23, 15, 23
2019/1/4, 58, 13, 17, 12
2019/1/5, 44, 4, 20, 9
2019/1/6, 14, 6, 15, 21
2019/1/7, 22, 10, 25, 12
2019/1/8, 34, 6, 25, 15
2019/1/9, 15, 11, 14, 21
2019/1/10, 26, 19, 8, 28
2019/1/11, 45, 20, 14, 22
2019/1/12, 42, 5, 22, 13
2019/1/13, 14, 4, 26, 13
2019/1/14, 10, 8, 22, 20
2019/1/15, 18, 20, 16, 30
2019/1/16, 36, 23, 25, 19
2019/1/17, 41, 13, 25, 28
2019/1/18, 25, 29, 13, 33
2019/1/19, 59, 41, 7, 26
2019/1/20, 88, 46, 6, 30
2019/1/21, 104, 52, 16, 34
2019/1/22, 104, 47, 17, 29
2019/1/23, 92, 51, 9, 25
2019/1/24, 120, 48, 18, 26
2019/1/25, 113, 42, 24, 20
2019/1/26, 60, 9, 29, 16
2019/1/27, 16, 7, 24, 17
2019/1/28, 11, 16, 24, 30
2019/1/29, 24, 42, 25, 29
2019/1/30, 50, 35, 22, 37
2019/1/31, 39, 44, 13, 40
2019/2/1, 54, 28, 5, 29
2019/2/2, 66, 23, 18, 15
2019/2/3, 71, 22, 18, 33
2019/2/4, 58, 42, 13, 39
2019/2/5, 68, 58, 9, 43
2019/2/6, 87, 58, 3, 38
2019/2/7, 88, 25, 24, 32
2019/2/8, 47, 26, 32, 17
2019/2/9, 36, 18, 35, 19
2019/2/10, 27, 9, 30, 10
2019/2/11, 14, 16, 25, 22
2019/2/12, 29, 36, 16, 42
2019/2/13, 51, 62, 7, 46
2019/2/14, 75, 66, 15, 46
2019/2/15, 85, 51, 16, 42
2019/2/16, 70, 48, 17, 37
2019/2/17, 79, 47, 15, 45
2019/2/18, 71, 59, 16, 39
2019/2/19, 75, 44, 19, 38
2019/2/20, 65, 48, 15, 40
2019/2/21, 73, 45, 25, 27
2019/2/22, 77, 33, 34, 29
2019/2/23, 57, 22, 33, 32
2019/2/24, 36, 40, 25, 45
2019/2/25, 47, 53, 10, 41
2019/2/26, 61, 58, 15, 45
2019/2/27, 73, 63, 41, 27
2019/2/28, 74, 29, 28, 20
2019/3/1, 45, 22, 29, 16
2019/3/2, 56, 13, 32, 16
2019/3/3, 33, 20, 38, 22
2019/3/4, 25, 12, 33, 17
2019/3/5, 15, 18, 22, 38
2019/3/6, 27, 36, 34, 21
2019/3/7, 41, 12, 34, 20
2019/3/8, 15, 11, 32, 11
2019/3/9, 17, 6, 40, 7
2019/3/10, 10, 8, 36, 10
2019/3/11, 16, 14, 35, 25
2019/3/12, 21, 13, 37, 11
2019/3/13, 18, 7, 31, 16
2019/3/14, 15, 7, 29, 18
2019/3/15, 15, 5, 27, 14
2019/3/16, 9, 16, 39, 16
2019/3/17, 20, 11, 35, 22
2019/3/18, 15, 20, 33, 33
2019/3/19, 35, 30, 37, 39
2019/3/20, 54, 30, 38, 42
2019/3/21, 53, 35, 33, 42
2019/3/22, 58, 43, 48, 37
2019/3/23, 80, 54, 35, 21
2019/3/24, 130, 34, 35, 17
2019/3/25, 87, 18, 30, 21
2019/3/26, 39, 27, 34, 30
2019/3/27, 57, 32, 34, 36
2019/3/28, 54, 26, 34, 33
2019/3/29, 50, 33, 44, 36
2019/3/30, 61, 38, 52, 32
2019/3/31, 72, 38, 43, 32
2018/11/3, 53, 22, , 22
2018/11/4, 63, 23, , 30
2018/11/5, 58, 40, , 39
2018/11/6, 68, 42, , 42
2018/11/7, 69, 29, , 44
2018/11/8, 55, 28, , 38
2018/11/9, 57, 34, , 33
2018/11/10, 73, 23, , 28
2018/11/11, 57, 22, , 46
2018/11/12, 42, 28, , 35
2018/11/13, 43, 23, , 37
2018/11/14, 39, 31, , 29
2018/11/15, 53, 25, , 36
2018/11/16, 55, 30, , 34
2018/11/17, 72, 19, , 29
2018/11/18, 60, 22, , 30
2018/11/19, 62, 28, , 34
2018/11/20, 65, 36, , 33
2018/11/21, 72, 34, , 34
2018/11/22, 70, 42, , 37
2018/11/23, 80, 25, , 31
2018/11/24, 60, 20, , 28
2018/11/25, 54, 19, 6, 28
2018/11/26, 58, 24, 2, 25
2018/11/27, 67, 37, 3, 31
2018/11/28, 73, 40, 3, 35
2018/11/29, 65, 36, , 36
2018/11/30, 66, 19, 13, 31
2018/12/1, 49, 11, 19, 15
2018/12/2, 28, 5, 21, 20
2018/12/3, 9, 7, 20, 27
2018/12/4, 14, 19, 2, 38
2018/12/5, 42, 28, 10, 30
2018/12/6, 53, 15, 23, 19
2018/12/7, 22, 8, 28, 10
2018/12/8, 12, 5, 32, 8
2018/12/9, 11, 6, 24, 14
2018/12/10, 14, 12, 21, 24
2018/12/11, 21, 19, 7, 33
2018/12/12, 41, 30, 11, 30
2018/12/13, 55, 34, 12, 31
2018/12/14, 68, 30, 12, 28
2018/12/15, 72, 48, 7, 30
2018/12/16, 79, 34, 5, 34
2018/12/17, 77, 24, 9, 39
2018/12/18, 47, 38, 5, 36
2018/12/19, 59, 20, 19, 29
2018/12/20, 42, 10, 23, 18
2018/12/21, 17, 4, 27, 17
2018/12/22, 9, 7, 22, 19
2018/12/23, 18, 4, 20, 12
2018/12/24, 12, 7, 8, 19
2018/12/25, 27, 16, 10, 21
2018/12/26, 54, 26, 1, 28
2018/12/27, 72, 32, 2, 24
2018/12/28, 87, 25, 8, 22
2018/12/29, 77, 14, 20, 12
2018/12/30, 49, , , 
2024/12/31, , 47, 26, 13
2019/12/31, , 70, , 19
2019/4/17, , 43, 54, 42
2018/12/31, , 49, 20, 13
2018/11/2, , 23, , 24
2019/4/11, , , 32, 
2019/4/12, , , 22, 
2019/4/13, , , 36, 
2019/4/14, , , 45, 
2019/4/15, , , 40, 
2019/4/16, , , 46, 